R,Team,TotalTackles,DribbledPast,TotalAttemptedTackles,Rating,R,Team,Total,Rating,R,Team,Fouled,Fouls,Rating,R,Team,Yellow,Red,Rating,R,Team,CaughtOffside,Rating,R,Team,Total,Rating,R,Team,ShotsBlocked,CrossesBlocked,PassesBlocked,Rating,R,Team,Total,SixYardBox,PenaltyArea,OutOfBox,Rating,R,Team,Total,OutOfBox,SixYardBox,PenaltyArea,Rating,R,Team,Total,SixYardBox,PenaltyArea,OutOfBox,Rating,R,Team,Unsuccessful,Successful,Total Dribbles,Rating,R,Team,UnsuccessfulTouches,Dispossessed,Rating,R,Team,Total,Won,Lost,Rating,R,Team,Total,AccLB,InAccLB,AccSP,InAccSP,Rating,R,Team,Total,Long,Short,Rating,R,Team,Cross,Corner,Throughball,Freekick,Throwin,Other,Total,Rating,R,Team,Total,OpenPlay,Counter,SetPiece,PenaltyTaken,Rating,R,Team,Cross,Corner,Throughball,Freekick,Other,Rating,League
1,Manchester City,14,11,25,7.01,1,Manchester City,9.4,7.01,1,Manchester City,7.7,10.1,7.01,1,Manchester City,1.8,0.1,7.01,1,Manchester City,1.8,7.01,1,Manchester City,12.9,7.01,1,Manchester City,1.6,0.9,6.2,7.01,1,Manchester City,2.1,0.2,1.3,0.6,7.01,1,Manchester City,19.4,6.3,2,11.1,7.01,1,Manchester City,2.4,0.5,1.5,0.4,7.01,1,Manchester City,6.3,12.8,19.1,7.01,1,Manchester City,12.1,9.2,7.01,1,Manchester City,28,14,14,7.01,1,Manchester City,675.9,32,18.3,568.7,57,7.01,1,Manchester City,15.1,1.2,13.9,7.01,1,Manchester City,0.5,0.1,0.3,0,0,1,1.8,7.01,1,Manchester City,19.4,14.1,0.7,4.3,0.3,7.01,1,Manchester City,3,1.1,0.9,0.1,11,7.01,PL
2,Liverpool,14.9,10.4,25.3,7,2,Liverpool,9.2,7,2,Liverpool,7.6,8.3,7,2,Liverpool,0.9,0,7,2,Liverpool,1.4,7,2,Liverpool,17.1,7,2,Liverpool,1.9,1.6,6.2,7,2,Liverpool,2.1,0.1,1,1.1,7,2,Liverpool,15.6,4.5,1.3,9.8,7,2,Liverpool,2.3,0.4,1.6,0.2,7,2,Liverpool,7.3,10.3,17.7,7,2,Liverpool,15.6,7.9,7,2,Liverpool,34,17.9,16.1,7,2,Liverpool,622.2,31.8,32.4,490.2,67.9,7,2,Liverpool,12.2,2,10.2,7,2,Liverpool,0.5,0.2,0.2,0.1,0,1,1.8,7,2,Liverpool,15.6,11.1,0.8,3.6,0.2,7,2,Liverpool,2.9,1,0.6,0.3,8.6,7,PL
3,Leicester,19.6,11.7,31.3,6.93,3,Leicester,11.4,6.93,3,Leicester,11.7,10.6,6.93,3,Leicester,1.1,0,6.93,3,Leicester,1.8,6.93,3,Leicester,19,6.93,3,Leicester,2.6,2.2,8.7,6.93,3,Leicester,2.8,0.2,1.8,0.8,6.93,3,Leicester,14,5.1,1.2,7.7,6.93,3,Leicester,2,0.4,1.3,0.3,6.93,3,Leicester,8.9,10.7,19.6,6.93,3,Leicester,15.6,8.6,6.93,3,Leicester,33.8,16.9,16.9,6.93,3,Leicester,516.3,26.2,27.4,399.5,63.2,6.93,3,Leicester,10.5,1.9,8.7,6.93,3,Leicester,0.2,0.1,0.3,0,0,0.9,1.4,6.93,3,Leicester,14,9.2,0.9,3.7,0.2,6.93,3,Leicester,2.4,0.9,0.6,0.6,7.2,6.93,PL
4,Chelsea,17.6,9.9,27.4,6.89,4,Chelsea,12.5,6.89,4,Chelsea,10.3,10,6.89,4,Chelsea,1.8,0,6.89,4,Chelsea,1.8,6.89,4,Chelsea,15.8,6.89,4,Chelsea,2.4,1.5,7.2,6.89,4,Chelsea,1.7,0,1.1,0.6,6.89,4,Chelsea,16.6,5.8,1.2,9.6,6.89,4,Chelsea,1.8,0.3,1.2,0.2,6.89,4,Chelsea,7.1,13,20.1,6.89,4,Chelsea,16.1,11.3,6.89,4,Chelsea,37.2,18.7,18.5,6.89,4,Chelsea,602,28,26.6,482.2,65.2,6.89,4,Chelsea,12.4,2,10.5,6.89,4,Chelsea,0.4,0,0.1,0.1,0,0.7,1.2,6.89,4,Chelsea,16.6,11.9,0.4,4.1,0.1,6.89,4,Chelsea,3.2,1.1,0.5,0.4,8.5,6.89,PL
5,Wolverhampton Wanderers,17.9,11.4,29.3,6.84,5,Wolverhampton Wanderers,11.9,6.84,5,Wolverhampton Wanderers,9.3,10.9,6.84,5,Wolverhampton Wanderers,1.6,0.1,6.84,5,Wolverhampton Wanderers,1.4,6.84,5,Wolverhampton Wanderers,17.8,6.84,5,Wolverhampton Wanderers,3,1.4,6.7,6.84,5,Wolverhampton Wanderers,2.7,0.2,1.7,0.8,6.84,5,Wolverhampton Wanderers,12.8,4.4,1.2,7.1,6.84,5,Wolverhampton Wanderers,1.4,0.4,0.7,0.2,6.84,5,Wolverhampton Wanderers,8.2,14,22.1,6.84,5,Wolverhampton Wanderers,14.6,8.9,6.84,5,Wolverhampton Wanderers,38.8,20.3,18.4,6.84,5,Wolverhampton Wanderers,430.8,34.6,30.9,304.2,61.1,6.84,5,Wolverhampton Wanderers,9.3,1.3,8,6.84,5,Wolverhampton Wanderers,0.2,0,0,0,0,0.7,0.9,6.84,5,Wolverhampton Wanderers,12.8,8.4,0.9,3.4,0.1,6.84,5,Wolverhampton Wanderers,2.7,0.8,0.2,0.4,6.2,6.84,PL
6,Manchester United,15.8,10.4,26.2,6.79,6,Manchester United,9.8,6.79,6,Manchester United,11.5,11,6.79,6,Manchester United,1.9,0,6.79,6,Manchester United,1.3,6.79,6,Manchester United,17.6,6.79,6,Manchester United,2.7,2.3,6.8,6.79,6,Manchester United,2.6,0.1,1.5,1,6.79,6,Manchester United,14.8,6.9,0.9,6.9,6.79,6,Manchester United,1.5,0.2,1,0.2,6.79,6,Manchester United,8.1,11.7,19.8,6.79,6,Manchester United,15.1,11.1,6.79,6,Manchester United,30.4,15.5,14.9,6.79,6,Manchester United,503,22.9,25.7,391.7,62.7,6.79,6,Manchester United,10.9,1.7,9.2,6.79,6,Manchester United,0.3,0,0.1,0,0,0.6,1,6.79,6,Manchester United,14.8,10.4,0.7,3.3,0.3,6.79,6,Manchester United,2.1,0.7,0.7,0.3,8,6.79,PL
7,Tottenham,17.8,11.7,29.4,6.78,7,Tottenham,9.9,6.78,7,Tottenham,11.1,10.2,6.78,7,Tottenham,2.2,0.1,6.78,7,Tottenham,1.8,6.78,7,Tottenham,22.1,6.78,7,Tottenham,4.1,1.8,7.9,6.78,7,Tottenham,3.7,0.2,2,1.4,6.78,7,Tottenham,12.1,4.7,0.8,6.6,6.78,7,Tottenham,1.6,0.3,1,0.2,6.78,7,Tottenham,8.2,12.5,20.7,6.78,7,Tottenham,15.4,12.3,6.78,7,Tottenham,34.8,17.2,17.6,6.78,7,Tottenham,497.4,21.6,32.2,381.9,61.7,6.78,7,Tottenham,9.4,1.1,8.4,6.78,7,Tottenham,0.2,0.1,0,0,0,0.8,1,6.78,7,Tottenham,12.1,8.9,0.7,2.3,0.1,6.78,7,Tottenham,1.9,0.6,0.4,0.2,7,6.78,PL
8,Sheffield United,16.8,10.3,27.1,6.76,8,Sheffield United,11.5,6.76,8,Sheffield United,7.4,10.9,6.76,8,Sheffield United,1.8,0,6.76,8,Sheffield United,2.2,6.76,8,Sheffield United,23.9,6.76,8,Sheffield United,2.9,1.6,6,6.76,8,Sheffield United,2.5,0.2,1.4,0.9,6.76,8,Sheffield United,10.2,2.7,1,6.5,6.76,8,Sheffield United,1.1,0.2,0.8,0,6.76,8,Sheffield United,5.1,9.6,14.7,6.76,8,Sheffield United,14.4,8.2,6.76,8,Sheffield United,48.8,25,23.8,6.76,8,Sheffield United,395.5,29.9,44.9,263.5,57.2,6.76,8,Sheffield United,7.6,1.8,5.8,6.76,8,Sheffield United,0.2,0,0.1,0,0,0.4,0.6,6.76,8,Sheffield United,10.2,6.5,0.7,2.9,0,6.76,8,Sheffield United,2.6,0.8,0.3,0.3,4.6,6.76,PL
9,Crystal Palace,17.7,10.2,28,6.75,9,Crystal Palace,11.7,6.75,9,Crystal Palace,12.5,10.9,6.75,9,Crystal Palace,1.7,0,6.75,9,Crystal Palace,1.5,6.75,9,Crystal Palace,22.3,6.75,9,Crystal Palace,3.8,2.3,6.4,6.75,9,Crystal Palace,3.4,0.5,1.8,1.2,6.75,9,Crystal Palace,9.9,3.3,0.9,5.7,6.75,9,Crystal Palace,0.9,0.1,0.6,0.1,6.75,9,Crystal Palace,7.3,11.6,19,6.75,9,Crystal Palace,15.9,12.4,6.75,9,Crystal Palace,43.1,21.6,21.6,6.75,9,Crystal Palace,381.3,23.1,34.9,266.3,57,6.75,9,Crystal Palace,7.1,1.2,5.9,6.75,9,Crystal Palace,0.1,0,0,0,0,0.5,0.6,6.75,9,Crystal Palace,9.9,6.3,0.4,3.1,0.1,6.75,9,Crystal Palace,1.7,0.8,0.2,0.4,5.1,6.75,PL
10,Arsenal,16.2,10,26.2,6.74,10,Arsenal,9.2,6.74,10,Arsenal,11.6,11,6.74,10,Arsenal,2.3,0.1,6.74,10,Arsenal,1.9,6.74,10,Arsenal,18.5,6.74,10,Arsenal,3.8,1.6,6.6,6.74,10,Arsenal,3.7,0.3,1.9,1.6,6.74,10,Arsenal,11.1,3.5,0.9,6.8,6.74,10,Arsenal,1.4,0.3,1,0.1,6.74,10,Arsenal,8.3,11.8,20,6.74,10,Arsenal,15.1,9.8,6.74,10,Arsenal,29.7,13.4,16.3,6.74,10,Arsenal,507.1,27.1,26.6,398,55.4,6.74,10,Arsenal,8.6,1,7.6,6.74,10,Arsenal,0.3,0.1,0.1,0,0,0.6,1,6.74,10,Arsenal,11.1,7.6,0.6,2.9,0.1,6.74,10,Arsenal,2.3,1.1,0.4,0.2,5.7,6.74,PL
11,Burnley,14.7,8.9,23.6,6.73,11,Burnley,10.3,6.73,11,Burnley,9.8,11.1,6.73,11,Burnley,2,0,6.73,11,Burnley,2.4,6.73,11,Burnley,20.7,6.73,11,Burnley,4.5,1.9,7.1,6.73,11,Burnley,3,0.2,1.8,1.1,6.73,11,Burnley,10.4,3.4,1.7,5.2,6.73,11,Burnley,1.2,0.4,0.5,0.2,6.73,11,Burnley,5.8,6.9,12.7,6.73,11,Burnley,14.2,7.9,6.73,11,Burnley,50,25.6,24.4,6.73,11,Burnley,325.7,23.8,46.6,199,56.3,6.73,11,Burnley,7.4,2.1,5.2,6.73,11,Burnley,0.3,0.1,0,0,0,0.4,0.8,6.73,11,Burnley,10.4,6.6,0.1,3.6,0.1,6.73,11,Burnley,2.8,0.8,0.2,0.4,4.2,6.73,PL
12,West Ham,18.9,12.7,31.5,6.71,12,West Ham,11.4,6.71,12,West Ham,9,10.3,6.71,12,West Ham,1.8,0,6.71,12,West Ham,2,6.71,12,West Ham,19.8,6.71,12,West Ham,3.3,1.4,7,6.71,12,West Ham,3.5,0.2,2.1,1.2,6.71,12,West Ham,10.4,3.1,1,6.3,6.71,12,West Ham,1.2,0.2,0.9,0.1,6.71,12,West Ham,6.8,11,17.8,6.71,12,West Ham,13.6,8.7,6.71,12,West Ham,44.7,22.5,22.2,6.71,12,West Ham,400.3,26.8,35.8,277,60.7,6.71,12,West Ham,8.2,1.7,6.5,6.71,12,West Ham,0.3,0.1,0.1,0.1,0,0.5,0.9,6.71,12,West Ham,10.4,6.6,0.6,3,0.1,6.71,12,West Ham,3,1.1,0.3,0.5,4.8,6.71,PL
13,Brighton,17.7,10.9,28.6,6.68,13,Brighton,11.1,6.68,13,Brighton,8.4,10,6.68,13,Brighton,1.6,0.1,6.68,13,Brighton,1.8,6.68,13,Brighton,17.3,6.68,13,Brighton,3.1,1.4,7.6,6.68,13,Brighton,3.2,0.3,2.1,0.7,6.68,13,Brighton,13,5.1,1.3,6.6,6.68,13,Brighton,1.1,0.2,0.6,0.1,6.68,13,Brighton,7,9.4,16.3,6.68,13,Brighton,17.1,10.9,6.68,13,Brighton,35.5,19.5,16,6.68,13,Brighton,513.9,30.2,29.3,388.7,65.7,6.68,13,Brighton,9.7,1.9,7.8,6.68,13,Brighton,0.3,0,0,0.1,0,0.3,0.7,6.68,13,Brighton,13,9.2,0.3,3.4,0,6.68,13,Brighton,2.4,1,0.2,0.5,6.8,6.68,PL
14,Everton,18.3,10.3,28.6,6.68,14,Everton,10.8,6.68,14,Everton,10.2,11.9,6.68,14,Everton,1.8,0.1,6.68,14,Everton,1.7,6.68,14,Everton,17.8,6.68,14,Everton,2.3,1.5,6.6,6.68,14,Everton,2.6,0.2,1.5,0.9,6.68,14,Everton,13.3,4.2,1.4,7.7,6.68,14,Everton,1.3,0.4,0.7,0,6.68,14,Everton,6.6,9.9,16.5,6.68,14,Everton,16.3,9.1,6.68,14,Everton,46.1,22.9,23.2,6.68,14,Everton,412,30.3,33,288.5,60.1,6.68,14,Everton,9.6,1.6,8,6.68,14,Everton,0.4,0,0.1,0,0,0.4,0.9,6.68,14,Everton,13.3,7.8,0.5,5.1,0,6.68,14,Everton,3.1,1.3,0.5,0.7,5.6,6.68,PL
15,Newcastle United,16.1,9.7,25.8,6.67,15,Newcastle United,10.9,6.67,15,Newcastle United,10.8,9.5,6.67,15,Newcastle United,1.8,0.1,6.67,15,Newcastle United,2.1,6.67,15,Newcastle United,26.4,6.67,15,Newcastle United,3.9,2,6.9,6.67,15,Newcastle United,4,0.5,2.3,1.2,6.67,15,Newcastle United,10.3,4.4,0.4,5.4,6.67,15,Newcastle United,0.9,0.2,0.6,0.1,6.67,15,Newcastle United,8.1,10.7,18.8,6.67,15,Newcastle United,16.4,7.5,6.67,15,Newcastle United,41.1,20.4,20.7,6.67,15,Newcastle United,328.9,24.9,36,219.1,49,6.67,15,Newcastle United,7.6,1.8,5.8,6.67,15,Newcastle United,0.1,0,0,0,0,0.4,0.6,6.67,15,Newcastle United,10.3,6.7,0.7,2.9,0,6.67,15,Newcastle United,2,0.9,0.2,0.3,5,6.67,PL
16,Aston Villa,15.3,10.2,25.4,6.65,16,Aston Villa,10.9,6.65,16,Aston Villa,13.1,11.7,6.65,16,Aston Villa,1.9,0,6.65,16,Aston Villa,1.8,6.65,16,Aston Villa,23.3,6.65,16,Aston Villa,5.6,2.7,7.2,6.65,16,Aston Villa,3.5,0.3,2,1.2,6.65,16,Aston Villa,12.3,4.5,0.8,6.9,6.65,16,Aston Villa,1.2,0.3,0.7,0.1,6.65,16,Aston Villa,6.5,10.1,16.5,6.65,16,Aston Villa,15.3,8.9,6.65,16,Aston Villa,38.3,18.8,19.5,6.65,16,Aston Villa,379.3,26.1,34.6,268,50.6,6.65,16,Aston Villa,9.9,1.8,8.1,6.65,16,Aston Villa,0.4,0,0.1,0.1,0,0.5,1,6.65,16,Aston Villa,12.3,8.5,0.4,3.2,0.1,6.65,16,Aston Villa,3.1,0.8,0.2,0.5,6.4,6.65,PL
17,Bournemouth,13.1,9.6,22.7,6.64,17,Bournemouth,13.2,6.64,17,Bournemouth,10.2,9.3,6.64,17,Bournemouth,2,0.1,6.64,17,Bournemouth,1.6,6.64,17,Bournemouth,27.6,6.64,17,Bournemouth,4.7,2.7,7.1,6.64,17,Bournemouth,3.5,0.4,1.7,1.4,6.64,17,Bournemouth,10.2,3.7,0.8,5.8,6.64,17,Bournemouth,1,0.3,0.6,0.1,6.64,17,Bournemouth,6.9,8.5,15.3,6.64,17,Bournemouth,15.4,10,6.64,17,Bournemouth,42.8,20.9,21.9,6.64,17,Bournemouth,397.8,21.7,34.4,280.1,61.6,6.64,17,Bournemouth,7.4,1.4,6,6.64,17,Bournemouth,0.1,0.1,0.1,0,0,0.4,0.6,6.64,17,Bournemouth,10.2,5.8,0.4,4,0,6.64,17,Bournemouth,2,0.9,0.3,0.2,4.9,6.64,PL
18,Southampton,19.1,13.3,32.4,6.64,18,Southampton,10.6,6.64,18,Southampton,9.6,12.2,6.64,18,Southampton,1.4,0.1,6.64,18,Southampton,1.6,6.64,18,Southampton,21.5,6.64,18,Southampton,3,1.5,10.3,6.64,18,Southampton,3,0.3,1.9,0.9,6.64,18,Southampton,12.8,5.1,1.4,6.2,6.64,18,Southampton,1.2,0.4,0.6,0.2,6.64,18,Southampton,6.9,11.2,18.1,6.64,18,Southampton,18.1,10,6.64,18,Southampton,45.6,21.6,24,6.64,18,Southampton,394,22.9,42.7,259.4,69,6.64,18,Southampton,8.8,1.5,7.3,6.64,18,Southampton,0.2,0,0.1,0.1,0,0.4,0.7,6.64,18,Southampton,12.8,8.2,0.4,4.1,0.1,6.64,18,Southampton,2.6,0.8,0.2,0.6,5.8,6.64,PL
19,Watford,17.8,12.3,30.1,6.63,19,Watford,11.5,6.63,19,Watford,8.2,12.1,6.63,19,Watford,2.1,0.1,6.63,19,Watford,1.8,6.63,19,Watford,23.9,6.63,19,Watford,3.4,1.6,6.9,6.63,19,Watford,3.1,0.2,2,0.9,6.63,19,Watford,11.4,4,0.6,6.7,6.63,19,Watford,0.9,0.1,0.8,0,6.63,19,Watford,7,8.9,15.9,6.63,19,Watford,14.1,8.6,6.63,19,Watford,41.6,20.9,20.7,6.63,19,Watford,380.3,23.2,37.9,258.4,60.8,6.63,19,Watford,8.3,1.1,7.2,6.63,19,Watford,0.1,0,0,0,0,0.5,0.6,6.63,19,Watford,11.4,8,0.5,2.8,0.2,6.63,19,Watford,1.7,0.4,0.1,0.2,6.4,6.63,PL
20,Norwich,16.9,11.7,28.6,6.62,20,Norwich,10.8,6.62,20,Norwich,11.5,9.6,6.62,20,Norwich,1.8,0,6.62,20,Norwich,1.2,6.62,20,Norwich,24.1,6.62,20,Norwich,4.6,2.3,7.4,6.62,20,Norwich,3.6,0.3,2,1.2,6.62,20,Norwich,11.6,4.3,0.8,6.4,6.62,20,Norwich,0.9,0.1,0.7,0.1,6.62,20,Norwich,7.9,12,19.9,6.62,20,Norwich,16.1,11.1,6.62,20,Norwich,31.7,14.4,17.2,6.62,20,Norwich,463.8,23.3,33.9,350.7,55.9,6.62,20,Norwich,8.5,1.1,7.4,6.62,20,Norwich,0.1,0,0.1,0,0,0.4,0.6,6.62,20,Norwich,11.6,8.2,0.2,3.1,0.1,6.62,20,Norwich,1.6,1,0.5,0.3,6.3,6.62,PL
1,Los Angeles FC,17.3,9.1,26.4,7.02,1,Los Angeles FC,9.8,7.02,1,Los Angeles FC,12.6,11.6,7.02,1,Los Angeles FC,1.5,0,7.02,1,Los Angeles FC,2.2,7.02,1,Los Angeles FC,13.9,7.02,1,Los Angeles FC,2.4,1.2,8.3,7.02,1,Los Angeles FC,2.6,0.1,1.7,0.9,7.02,1,Los Angeles FC,18.3,6.9,1.4,10,7.02,1,Los Angeles FC,2.5,0.5,1.7,0.2,7.02,1,Los Angeles FC,10.9,14.4,25.3,7.02,1,Los Angeles FC,16.4,12.8,7.02,1,Los Angeles FC,22.2,11.8,10.5,7.02,1,Los Angeles FC,526.6,22.3,21.5,421.9,60.8,7.02,1,Los Angeles FC,13.5,1.6,11.9,7.02,1,Los Angeles FC,0.2,0.1,0.2,0.1,0,1.2,1.7,7.02,1,Los Angeles FC,18.3,13,0.5,4.5,0.3,7.02,1,Los Angeles FC,2.1,1.2,0.7,0.4,10.4,7.02,MLS
2,LA Galaxy,16.9,10,26.9,6.82,2,LA Galaxy,10.6,6.82,2,LA Galaxy,8.5,11.3,6.82,2,LA Galaxy,2.1,0.1,6.82,2,LA Galaxy,2.5,6.82,2,LA Galaxy,19.1,6.82,2,LA Galaxy,3.8,1.4,6.6,6.82,2,LA Galaxy,4.2,0.1,2.4,1.7,6.82,2,LA Galaxy,13.8,4.1,1.1,8.7,6.82,2,LA Galaxy,1.7,0.4,1.2,0.1,6.82,2,LA Galaxy,6.2,10,16.2,6.82,2,LA Galaxy,14.3,8.4,6.82,2,LA Galaxy,30.6,17.5,13.1,6.82,2,LA Galaxy,449.5,30.3,26.5,342.1,50.6,6.82,2,LA Galaxy,10.9,2.1,8.8,6.82,2,LA Galaxy,0.4,0.1,0.1,0,0,0.9,1.3,6.82,2,LA Galaxy,13.8,9.9,0.4,3.3,0.2,6.82,2,LA Galaxy,3.3,1.2,0.3,0.1,7.3,6.82,MLS
3,Atlanta United,14.9,9.5,24.4,6.81,3,Atlanta United,9.4,6.81,3,Atlanta United,11.8,10.3,6.81,3,Atlanta United,1.6,0.1,6.81,3,Atlanta United,1.6,6.81,3,Atlanta United,13.4,6.81,3,Atlanta United,2.6,0.8,7.5,6.81,3,Atlanta United,2.7,0.3,1.3,1,6.81,3,Atlanta United,15,5.9,0.6,8.5,6.81,3,Atlanta United,1.7,0.3,1.1,0.2,6.81,3,Atlanta United,7.9,12.3,20.2,6.81,3,Atlanta United,16,9.4,6.81,3,Atlanta United,24,12.8,11.2,6.81,3,Atlanta United,493.4,33.8,27.7,372.5,59.3,6.81,3,Atlanta United,11.2,2.1,9.1,6.81,3,Atlanta United,0.1,0,0.2,0,0,0.8,1.1,6.81,3,Atlanta United,15,10.3,0.8,3.6,0.3,6.81,3,Atlanta United,2.2,1.3,0.7,0.2,8.1,6.81,MLS
4,New York City FC,17.2,10.5,27.7,6.81,4,New York City FC,10.1,6.81,4,New York City FC,12,13.7,6.81,4,New York City FC,2.3,0,6.81,4,New York City FC,2,6.81,4,New York City FC,18.9,6.81,4,New York City FC,2.6,1,7.9,6.81,4,New York City FC,2.6,0.1,1.3,1.2,6.81,4,New York City FC,15.2,6.5,0.5,8.2,6.81,4,New York City FC,1.9,0.3,1.2,0.4,6.81,4,New York City FC,6.3,9.5,15.7,6.81,4,New York City FC,16.3,10.4,6.81,4,New York City FC,30.1,15.2,15,6.81,4,New York City FC,509.6,35.9,32.6,377.9,63.2,6.81,4,New York City FC,11.2,2,9.3,6.81,4,New York City FC,0.1,0,0.1,0,0,1,1.3,6.81,4,New York City FC,15.2,10.9,0.6,3.4,0.3,6.81,4,New York City FC,2,1,0.3,0.3,8.5,6.81,MLS
5,DC United,16.7,10.3,27,6.81,5,DC United,9.7,6.81,5,DC United,11.3,11.4,6.81,5,DC United,1.4,0.1,6.81,5,DC United,1.5,6.81,5,DC United,23,6.81,5,DC United,5.3,1.3,6.9,6.81,5,DC United,3.8,0.1,2,1.6,6.81,5,DC United,12.6,5,0.7,6.9,6.81,5,DC United,1.2,0.2,0.8,0.2,6.81,5,DC United,7.4,10.4,17.7,6.81,5,DC United,14.4,10,6.81,5,DC United,33.5,17.7,15.8,6.81,5,DC United,432.9,26.1,31.4,318.1,57.4,6.81,5,DC United,9.1,2.2,6.9,6.81,5,DC United,0.1,0,0.1,0.1,0,0.5,0.7,6.81,5,DC United,12.6,7.5,0.4,4.5,0.1,6.81,5,DC United,2.3,0.9,0.2,0.7,6.3,6.81,MLS
6,Minnesota United,17.5,9,26.5,6.79,6,Minnesota United,12.7,6.79,6,Minnesota United,9.4,11.5,6.79,6,Minnesota United,1.6,0.1,6.79,6,Minnesota United,1.5,6.79,6,Minnesota United,19.4,6.79,6,Minnesota United,3.6,1.4,7.2,6.79,6,Minnesota United,3.8,0.2,1.9,1.7,6.79,6,Minnesota United,13.7,4.9,1,7.8,6.79,6,Minnesota United,1.5,0.3,1,0.2,6.79,6,Minnesota United,7.1,10.4,17.5,6.79,6,Minnesota United,16.4,9.8,6.79,6,Minnesota United,29.6,13.6,15.9,6.79,6,Minnesota United,405,26.8,29.6,294.2,54.3,6.79,6,Minnesota United,10.2,2,8.2,6.79,6,Minnesota United,0.2,0,0.2,0.1,0,0.6,1,6.79,6,Minnesota United,13.7,10.4,0.3,2.8,0.2,6.79,6,Minnesota United,2.4,0.8,0.4,0.3,7.1,6.79,MLS
7,Philadelphia Union,18.9,10.6,29.5,6.77,7,Philadelphia Union,9.1,6.77,7,Philadelphia Union,9.6,11.4,6.77,7,Philadelphia Union,1.7,0.1,6.77,7,Philadelphia Union,2.4,6.77,7,Philadelphia Union,15.7,6.77,7,Philadelphia Union,3.1,1.1,7.6,6.77,7,Philadelphia Union,2.4,0.1,1.5,0.8,6.77,7,Philadelphia Union,14,5.5,1.1,7.4,6.77,7,Philadelphia Union,1.7,0.2,1.3,0.2,6.77,7,Philadelphia Union,6.6,10.6,17.2,6.77,7,Philadelphia Union,15.7,8.4,6.77,7,Philadelphia Union,31.4,15.6,15.8,6.77,7,Philadelphia Union,484,27.1,29.2,368.9,58.7,6.77,7,Philadelphia Union,10.5,1.5,9,6.77,7,Philadelphia Union,0.2,0,0.1,0,0,1,1.2,6.77,7,Philadelphia Union,14,9.8,0.3,3.7,0.2,6.77,7,Philadelphia Union,2,0.9,0.5,0.4,7.5,6.77,MLS
8,San Jose Earthquakes,17.7,9.1,26.9,6.75,8,San Jose Earthquakes,10.6,6.75,8,San Jose Earthquakes,12.2,12.5,6.75,8,San Jose Earthquakes,2.1,0.1,6.75,8,San Jose Earthquakes,2.2,6.75,8,San Jose Earthquakes,14.9,6.75,8,San Jose Earthquakes,2.7,0.9,6.9,6.75,8,San Jose Earthquakes,3.2,0.1,1.8,1.3,6.75,8,San Jose Earthquakes,17.5,7.8,1.3,8.4,6.75,8,San Jose Earthquakes,1.5,0.4,0.9,0.2,6.75,8,San Jose Earthquakes,7.1,11.7,18.9,6.75,8,San Jose Earthquakes,14.1,10.6,6.75,8,San Jose Earthquakes,23.1,10.6,12.5,6.75,8,San Jose Earthquakes,501.9,38.1,26.5,385,52.4,6.75,8,San Jose Earthquakes,13.9,1.7,12.2,6.75,8,San Jose Earthquakes,0.1,0,0.1,0,0,0.9,1.2,6.75,8,San Jose Earthquakes,17.5,13.3,0.3,3.9,0,6.75,8,San Jose Earthquakes,2.1,1.1,0.3,0.4,11,6.75,MLS
9,Portland Timbers,16.9,10.3,27.2,6.74,9,Portland Timbers,10.1,6.74,9,Portland Timbers,9,13.5,6.74,9,Portland Timbers,2.2,0.2,6.74,9,Portland Timbers,1.6,6.74,9,Portland Timbers,19,6.74,9,Portland Timbers,3.1,1,6.4,6.74,9,Portland Timbers,3.6,0.2,2.2,1.2,6.74,9,Portland Timbers,16.5,6,0.9,9.6,6.74,9,Portland Timbers,1.5,0.3,0.9,0.3,6.74,9,Portland Timbers,6.1,8,14.1,6.74,9,Portland Timbers,14.3,7.7,6.74,9,Portland Timbers,27.7,13.8,13.9,6.74,9,Portland Timbers,450.9,34.8,26.9,333.5,55.7,6.74,9,Portland Timbers,13.2,3.1,10.2,6.74,9,Portland Timbers,0.3,0.1,0.1,0.1,0,0.6,1,6.74,9,Portland Timbers,16.5,11.5,0.9,4.1,0.1,6.74,9,Portland Timbers,3.6,1.7,0.3,0.4,9.2,6.74,MLS
10,FC Dallas,17.8,9.3,27.1,6.73,10,FC Dallas,11,6.73,10,FC Dallas,11.7,12.6,6.73,10,FC Dallas,2,0,6.73,10,FC Dallas,1.5,6.73,10,FC Dallas,16.4,6.73,10,FC Dallas,3,1.3,6.8,6.73,10,FC Dallas,2.7,0.1,1.5,1.1,6.73,10,FC Dallas,13.8,6.2,0.7,6.9,6.73,10,FC Dallas,1.6,0.3,1,0.2,6.73,10,FC Dallas,7,9.2,16.2,6.73,10,FC Dallas,13.5,9.9,6.73,10,FC Dallas,23,11.7,11.3,6.73,10,FC Dallas,495.9,31.3,25.3,387.9,51.3,6.73,10,FC Dallas,10.2,1.9,8.4,6.73,10,FC Dallas,0.1,0.1,0.1,0,0,0.8,1,6.73,10,FC Dallas,13.8,10,0.4,3.3,0.1,6.73,10,FC Dallas,1.5,1.1,0.2,0.1,8.1,6.73,MLS
11,Real Salt Lake,14,8.9,23,6.73,11,Real Salt Lake,10.4,6.73,11,Real Salt Lake,11.5,11.2,6.73,11,Real Salt Lake,1.9,0.1,6.73,11,Real Salt Lake,2.6,6.73,11,Real Salt Lake,19.4,6.73,11,Real Salt Lake,3.4,1.8,5.9,6.73,11,Real Salt Lake,2.6,0.1,1.6,0.9,6.73,11,Real Salt Lake,12.6,5.9,0.5,6.2,6.73,11,Real Salt Lake,1.4,0.2,0.8,0.3,6.73,11,Real Salt Lake,6.6,9.5,16.1,6.73,11,Real Salt Lake,15.4,8.3,6.73,11,Real Salt Lake,29.1,15.1,14,6.73,11,Real Salt Lake,440.2,33.7,32.3,323,51.1,6.73,11,Real Salt Lake,9.5,2,7.5,6.73,11,Real Salt Lake,0.1,0,0.1,0,0,0.7,0.9,6.73,11,Real Salt Lake,12.6,9.4,0.4,2.6,0.2,6.73,11,Real Salt Lake,1.6,0.7,0.2,0.3,7.3,6.73,MLS
12,Chicago Fire,16.5,9.4,25.9,6.73,12,Chicago Fire,10.5,6.73,12,Chicago Fire,10.1,12,6.73,12,Chicago Fire,1.8,0.1,6.73,12,Chicago Fire,1.8,6.73,12,Chicago Fire,15.8,6.73,12,Chicago Fire,2.6,0.9,6.2,6.73,12,Chicago Fire,2.7,0.3,1.1,1.3,6.73,12,Chicago Fire,14.1,5.3,1.4,7.4,6.73,12,Chicago Fire,1.6,0.4,1,0.1,6.73,12,Chicago Fire,6.4,9,15.4,6.73,12,Chicago Fire,15.3,8,6.73,12,Chicago Fire,27.6,13.8,13.8,6.73,12,Chicago Fire,440.8,30.5,32.8,324.5,52.9,6.73,12,Chicago Fire,10.9,2.2,8.6,6.73,12,Chicago Fire,0.4,0.1,0,0.1,0,0.7,1.1,6.73,12,Chicago Fire,14.1,9.9,0.5,3.6,0.1,6.73,12,Chicago Fire,2.4,0.9,0.2,0.4,8.1,6.73,MLS
13,New York Red Bulls,19.9,10.9,30.8,6.72,13,New York Red Bulls,12,6.72,13,New York Red Bulls,12.7,11.9,6.72,13,New York Red Bulls,1.5,0.1,6.72,13,New York Red Bulls,2,6.72,13,New York Red Bulls,19.6,6.72,13,New York Red Bulls,2.8,0.9,9.1,6.72,13,New York Red Bulls,2.7,0.1,1.6,0.9,6.72,13,New York Red Bulls,13.1,4.5,1,7.7,6.72,13,New York Red Bulls,1.6,0.3,1.1,0.1,6.72,13,New York Red Bulls,7.4,7.5,14.9,6.72,13,New York Red Bulls,16.9,10,6.72,13,New York Red Bulls,44.6,21.7,22.9,6.72,13,New York Red Bulls,383,17.6,41,245,79.4,6.72,13,New York Red Bulls,9.8,1.5,8.3,6.72,13,New York Red Bulls,0.3,0,0.1,0,0,0.7,1,6.72,13,New York Red Bulls,13.1,8.7,0.4,3.9,0.1,6.72,13,New York Red Bulls,2.3,1,0.4,0.4,6.8,6.72,MLS
14,Seattle Sounders FC,15.8,8.6,24.4,6.71,14,Seattle Sounders FC,10.4,6.71,14,Seattle Sounders FC,12.1,10.2,6.71,14,Seattle Sounders FC,1.5,0.1,6.71,14,Seattle Sounders FC,1.6,6.71,14,Seattle Sounders FC,17.2,6.71,14,Seattle Sounders FC,3.1,1.4,7.5,6.71,14,Seattle Sounders FC,3.4,0.1,1.6,1.6,6.71,14,Seattle Sounders FC,12.5,4.2,1.2,7.1,6.71,14,Seattle Sounders FC,1.5,0.3,1.1,0.1,6.71,14,Seattle Sounders FC,6.2,8.3,14.5,6.71,14,Seattle Sounders FC,14.5,10.9,6.71,14,Seattle Sounders FC,27.3,13.9,13.4,6.71,14,Seattle Sounders FC,471.8,32.2,26.1,354.1,59.4,6.71,14,Seattle Sounders FC,9.8,1.2,8.6,6.71,14,Seattle Sounders FC,0.2,0,0.1,0,0,0.7,1,6.71,14,Seattle Sounders FC,12.5,8.5,0.4,3.6,0.1,6.71,14,Seattle Sounders FC,2.6,1,0.3,0.4,6.6,6.71,MLS
15,Colorado Rapids,15,10.2,25.2,6.7,15,Colorado Rapids,10.3,6.7,15,Colorado Rapids,10.3,12,6.7,15,Colorado Rapids,2,0.2,6.7,15,Colorado Rapids,1.5,6.7,15,Colorado Rapids,20.3,6.7,15,Colorado Rapids,4.2,1.5,6.3,6.7,15,Colorado Rapids,3.4,0.2,2.2,1,6.7,15,Colorado Rapids,14.2,5.5,1,7.7,6.7,15,Colorado Rapids,1.7,0.4,1.1,0.2,6.7,15,Colorado Rapids,7,9.4,16.4,6.7,15,Colorado Rapids,14,9.3,6.7,15,Colorado Rapids,31.6,16.3,15.3,6.7,15,Colorado Rapids,350.5,27.9,33.2,243,46.4,6.7,15,Colorado Rapids,10.3,3,7.3,6.7,15,Colorado Rapids,0.4,0.3,0,0,0,0.6,1.1,6.7,15,Colorado Rapids,14.2,9,0.5,4.5,0.2,6.7,15,Colorado Rapids,3.3,1.5,0.2,0.6,6.3,6.7,MLS
16,New England Revolution,15.7,10,25.7,6.69,16,New England Revolution,10.6,6.69,16,New England Revolution,12.1,12.8,6.69,16,New England Revolution,1.9,0.2,6.69,16,New England Revolution,1.6,6.69,16,New England Revolution,19,6.69,16,New England Revolution,3.7,0.9,7.1,6.69,16,New England Revolution,3.9,0.3,2.4,1.2,6.69,16,New England Revolution,13.4,4.7,0.9,7.8,6.69,16,New England Revolution,1.5,0.4,0.9,0.2,6.69,16,New England Revolution,8.6,9.8,18.4,6.69,16,New England Revolution,17,10.2,6.69,16,New England Revolution,31.7,15.9,15.8,6.69,16,New England Revolution,389.1,27.8,31.9,269.9,59.5,6.69,16,New England Revolution,9.9,1.6,8.3,6.69,16,New England Revolution,0.3,0.1,0.1,0,0,0.7,1.1,6.69,16,New England Revolution,13.4,9.8,0.5,2.9,0.2,6.69,16,New England Revolution,2,0.8,0.5,0.4,7.1,6.69,MLS
17,Toronto FC,15.2,8,23.2,6.68,17,Toronto FC,8.5,6.68,17,Toronto FC,10.6,9.7,6.68,17,Toronto FC,1.4,0.1,6.68,17,Toronto FC,1.8,6.68,17,Toronto FC,14.6,6.68,17,Toronto FC,2.4,1.4,6.8,6.68,17,Toronto FC,2.7,0.2,1.3,1.2,6.68,17,Toronto FC,12.9,4.1,0.9,7.9,6.68,17,Toronto FC,1.7,0.4,1,0.3,6.68,17,Toronto FC,7.1,9.3,16.4,6.68,17,Toronto FC,15.9,9.2,6.68,17,Toronto FC,24.1,12.1,12,6.68,17,Toronto FC,529.8,32.9,25.8,418.8,52.2,6.68,17,Toronto FC,10,1.8,8.2,6.68,17,Toronto FC,0.2,0,0.1,0,0,0.9,1.1,6.68,17,Toronto FC,12.9,9.5,0.4,2.9,0.2,6.68,17,Toronto FC,2.1,1,0.3,0.3,7.4,6.68,MLS
18,Orlando City,15.9,10.1,26.1,6.65,18,Orlando City,10.3,6.65,18,Orlando City,9.6,11.1,6.65,18,Orlando City,1.8,0.1,6.65,18,Orlando City,1.6,6.65,18,Orlando City,21,6.65,18,Orlando City,2.5,1.2,6.1,6.65,18,Orlando City,3.4,0.1,1.9,1.3,6.65,18,Orlando City,11.4,4.6,1,5.8,6.65,18,Orlando City,1.3,0.2,0.9,0.1,6.65,18,Orlando City,6.9,9.1,16,6.65,18,Orlando City,15,9.3,6.65,18,Orlando City,28.5,14.2,14.3,6.65,18,Orlando City,431.5,27.2,31.1,318.5,54.7,6.65,18,Orlando City,8.4,1.2,7.2,6.65,18,Orlando City,0.2,0.1,0.1,0.1,0,0.6,0.9,6.65,18,Orlando City,11.4,7.9,0.4,3,0.1,6.65,18,Orlando City,1.7,0.9,0.3,0.2,6.1,6.65,MLS
19,Montreal Impact,16.2,9.1,25.3,6.63,19,Montreal Impact,10.5,6.63,19,Montreal Impact,11.3,11.2,6.63,19,Montreal Impact,1.6,0.1,6.63,19,Montreal Impact,1.4,6.63,19,Montreal Impact,17,6.63,19,Montreal Impact,2.1,1.1,6.8,6.63,19,Montreal Impact,2.6,0.1,1.5,1,6.63,19,Montreal Impact,11.5,4.5,1,6.1,6.63,19,Montreal Impact,1.4,0.3,0.9,0.1,6.63,19,Montreal Impact,6.5,10.2,16.7,6.63,19,Montreal Impact,15.3,10.7,6.63,19,Montreal Impact,28.5,14.6,13.9,6.63,19,Montreal Impact,456.3,32.7,31.2,338.7,53.6,6.63,19,Montreal Impact,8.6,1.5,7.1,6.63,19,Montreal Impact,0.3,0.1,0.1,0,0,0.5,0.9,6.63,19,Montreal Impact,11.5,7.6,0.5,3.2,0.2,6.63,19,Montreal Impact,2.1,0.9,0.2,0.4,6,6.63,MLS
20,Vancouver Whitecaps,14.2,8.4,22.6,6.61,20,Vancouver Whitecaps,11.8,6.61,20,Vancouver Whitecaps,10.9,10.5,6.61,20,Vancouver Whitecaps,1.9,0,6.61,20,Vancouver Whitecaps,1.1,6.61,20,Vancouver Whitecaps,23.8,6.61,20,Vancouver Whitecaps,5.2,1.3,5.2,6.61,20,Vancouver Whitecaps,4.4,0.1,2.5,1.9,6.61,20,Vancouver Whitecaps,10.6,4.3,0.6,5.7,6.61,20,Vancouver Whitecaps,1.1,0.1,0.8,0.1,6.61,20,Vancouver Whitecaps,6.1,8.4,14.6,6.61,20,Vancouver Whitecaps,13.5,8.8,6.61,20,Vancouver Whitecaps,27.6,13.3,14.3,6.61,20,Vancouver Whitecaps,426.9,29.5,32.8,315.6,49,6.61,20,Vancouver Whitecaps,7.5,1.5,6,6.61,20,Vancouver Whitecaps,0.1,0.1,0,0,0,0.5,0.6,6.61,20,Vancouver Whitecaps,10.6,7.5,0.4,2.4,0.2,6.61,20,Vancouver Whitecaps,1.7,0.6,0,0.3,5.7,6.61,MLS
21,Columbus Crew,16.9,9.9,26.8,6.61,21,Columbus Crew,10.1,6.61,21,Columbus Crew,10.3,11.7,6.61,21,Columbus Crew,1.7,0,6.61,21,Columbus Crew,1.6,6.61,21,Columbus Crew,16.4,6.61,21,Columbus Crew,2.8,1.4,7.7,6.61,21,Columbus Crew,2.6,0.1,1.5,1,6.61,21,Columbus Crew,11.6,4.8,0.9,5.9,6.61,21,Columbus Crew,1.1,0.1,0.9,0.1,6.61,21,Columbus Crew,7.4,9.3,16.8,6.61,21,Columbus Crew,14.8,9.3,6.61,21,Columbus Crew,29.5,13.9,15.6,6.61,21,Columbus Crew,447.7,30.6,31.9,329.2,56,6.61,21,Columbus Crew,8.5,1.5,7,6.61,21,Columbus Crew,0.2,0.1,0,0.1,0,0.5,0.8,6.61,21,Columbus Crew,11.6,8.3,0.4,2.8,0.1,6.61,21,Columbus Crew,2.1,0.9,0.1,0.3,6,6.61,MLS
22,Houston Dynamo,17.3,10.8,28.1,6.59,22,Houston Dynamo,8.4,6.59,22,Houston Dynamo,11.7,12.2,6.59,22,Houston Dynamo,1.9,0.1,6.59,22,Houston Dynamo,2,6.59,22,Houston Dynamo,14.7,6.59,22,Houston Dynamo,3.3,1.3,6.6,6.59,22,Houston Dynamo,3.1,0.1,1.6,1.4,6.59,22,Houston Dynamo,13.4,5.8,1,6.5,6.59,22,Houston Dynamo,1.4,0.2,1,0.1,6.59,22,Houston Dynamo,6.7,8.6,15.3,6.59,22,Houston Dynamo,13.5,8.4,6.59,22,Houston Dynamo,26.1,11.3,14.8,6.59,22,Houston Dynamo,412.4,28.2,29.7,307,47.5,6.59,22,Houston Dynamo,9.8,1.6,8.2,6.59,22,Houston Dynamo,0.1,0,0.1,0,0,0.8,1.1,6.59,22,Houston Dynamo,13.4,10,0.4,2.8,0.1,6.59,22,Houston Dynamo,1.6,0.5,0.4,0.3,7.6,6.59,MLS
23,Sporting Kansas City,14.1,10.9,25.1,6.58,23,Sporting Kansas City,9.1,6.58,23,Sporting Kansas City,11.6,12.3,6.58,23,Sporting Kansas City,2.1,0.2,6.58,23,Sporting Kansas City,1.4,6.58,23,Sporting Kansas City,16.2,6.58,23,Sporting Kansas City,3,0.9,6.9,6.58,23,Sporting Kansas City,3.4,0.1,2.1,1.3,6.58,23,Sporting Kansas City,14.7,6.3,0.6,7.7,6.58,23,Sporting Kansas City,1.4,0.3,0.8,0.3,6.58,23,Sporting Kansas City,6.6,8,14.6,6.58,23,Sporting Kansas City,15.3,8,6.58,23,Sporting Kansas City,28.2,13.3,14.9,6.58,23,Sporting Kansas City,467.9,30.1,27.7,357.7,52.4,6.58,23,Sporting Kansas City,10.1,1.9,8.2,6.58,23,Sporting Kansas City,0.1,0,0.1,0,0,0.6,0.9,6.58,23,Sporting Kansas City,14.7,10.1,0.4,3.8,0.3,6.58,23,Sporting Kansas City,1.8,0.9,0.5,0.3,7.4,6.58,MLS
24,FC Cincinnati,15.2,8.2,23.4,6.48,24,FC Cincinnati,10.7,6.48,24,FC Cincinnati,11.3,10.9,6.48,24,FC Cincinnati,1.6,0.1,6.48,24,FC Cincinnati,1.9,6.48,24,FC Cincinnati,19.6,6.48,24,FC Cincinnati,3.8,1.1,6.3,6.48,24,FC Cincinnati,2.7,0.3,1.5,0.9,6.48,24,FC Cincinnati,10.6,4.4,0.6,5.6,6.48,24,FC Cincinnati,0.9,0.1,0.7,0.1,6.48,24,FC Cincinnati,6.4,8.4,14.8,6.48,24,FC Cincinnati,15.6,7.8,6.48,24,FC Cincinnati,32.4,16.3,16.1,6.48,24,FC Cincinnati,409.3,30.3,34.1,289.3,55.6,6.48,24,FC Cincinnati,8,1.8,6.2,6.48,24,FC Cincinnati,0.1,0,0.1,0,0,0.3,0.6,6.48,24,FC Cincinnati,10.6,7.4,0.2,2.8,0.1,6.48,24,FC Cincinnati,1.7,0.8,0.3,0.6,5.5,6.48,MLS
