R,Team,TotalTackles,DribbledPast,TotalAttemptedTackles,Rating,R,Team,Total,Rating,R,Team,Fouled,Fouls,Rating,R,Team,Yellow,Red,Rating,R,Team,CaughtOffside,Rating,R,Team,Total,Rating,R,Team,ShotsBlocked,CrossesBlocked,PassesBlocked,Rating,R,Team,Total,SixYardBox,PenaltyArea,OutOfBox,Rating,R,Team,Total,OutOfBox,SixYardBox,PenaltyArea,Rating,R,Team,Total,SixYardBox,PenaltyArea,OutOfBox,Rating,R,Team,Unsuccessful,Successful,Total Dribbles,Rating,R,Team,UnsuccessfulTouches,Dispossessed,Rating,R,Team,Total,Won,Lost,Rating,R,Team,Total,AccLB,InAccLB,AccSP,InAccSP,Rating,R,Team,Total,Long,Short,Rating,R,Team,Cross,Corner,Throughball,Freekick,Throwin,Other,Total,Rating,R,Team,Total,OpenPlay,Counter,SetPiece,PenaltyTaken,Rating,R,Team,Cross,Corner,Throughball,Freekick,Throwin,Other,Rating,League,R,Team,Shots pg,Tackles pg,Interceptions pg,Fouls pg,Offsides pg,Rating,R,Team,Goals,Shots pg,Discipline,Possession%,Pass%,AerialsWon,Rating,R,Team,AccCr,InAccCr,AccCrn,InAccCrn,AccFrK,InAccFrK,Rating
1,Manchester City,14,11,25,7.01,1,Manchester City,9.4,7.01,1,Manchester City,7.7,10.1,7.01,1,Manchester City,1.8,0.1,7.01,1,Manchester City,1.8,7.01,1,Manchester City,12.9,7.01,1,Manchester City,1.6,0.9,6.2,7.01,1,Manchester City,2.1,0.2,1.3,0.6,7.01,1,Manchester City,19.4,6.3,2,11.1,7.01,1,Manchester City,2.4,0.5,1.5,0.4,7.01,1,Manchester City,6.3,12.8,19.1,7.01,1,Manchester City,12.1,9.2,7.01,1,Manchester City,28,14,14,7.01,1,Manchester City,675.9,32,18.3,568.7,57,7.01,1,Manchester City,15.1,1.2,13.9,7.01,1,Manchester City,0.5,0.1,0.3,0,0,1,1.8,7.01,1,Manchester City,19.4,14.1,0.7,4.3,0.3,7.01,1,Manchester City,3,1.1,0.9,0.1,,11,7.01,PL,1,Manchester City,7.5,14,9.4,10.1,1.8,7.01,1,Manchester City,68,19.4,513,61.6,88.9,14,7.01,1,Manchester City,5.7,20,5.3,3,7.4,0.9,7.01
2,Liverpool,14.9,10.4,25.3,7,2,Liverpool,9.2,7,2,Liverpool,7.6,8.3,7,2,Liverpool,0.9,0,7,2,Liverpool,1.4,7,2,Liverpool,17.1,7,2,Liverpool,1.9,1.6,6.2,7,2,Liverpool,2.1,0.1,1,1.1,7,2,Liverpool,15.6,4.5,1.3,9.8,7,2,Liverpool,2.3,0.4,1.6,0.2,7,2,Liverpool,7.3,10.3,17.7,7,2,Liverpool,15.6,7.9,7,2,Liverpool,34,17.9,16.1,7,2,Liverpool,622.2,31.8,32.4,490.2,67.9,7,2,Liverpool,12.2,2,10.2,7,2,Liverpool,0.5,0.2,0.2,0.1,0,1,1.8,7,2,Liverpool,15.6,11.1,0.8,3.6,0.2,7,2,Liverpool,2.9,1,0.6,0.3,NA,8.6,7,PL,2,Liverpool,9.4,14.9,9.2,8.3,1.4,7,2,Liverpool,66,15.6,261,59,83.9,17.9,7,2,Liverpool,4.8,18.9,3.2,3.3,9.2,1.4,7
3,Leicester,19.6,11.7,31.3,6.93,3,Leicester,11.4,6.93,3,Leicester,11.7,10.6,6.93,3,Leicester,1.1,0,6.93,3,Leicester,1.8,6.93,3,Leicester,19,6.93,3,Leicester,2.6,2.2,8.7,6.93,3,Leicester,2.8,0.2,1.8,0.8,6.93,3,Leicester,14,5.1,1.2,7.7,6.93,3,Leicester,2,0.4,1.3,0.3,6.93,3,Leicester,8.9,10.7,19.6,6.93,3,Leicester,15.6,8.6,6.93,3,Leicester,33.8,16.9,16.9,6.93,3,Leicester,516.3,26.2,27.4,399.5,63.2,6.93,3,Leicester,10.5,1.9,8.7,6.93,3,Leicester,0.2,0.1,0.3,0,0,0.9,1.4,6.93,3,Leicester,14,9.2,0.9,3.7,0.2,6.93,3,Leicester,2.4,0.9,0.6,0.6,NA,7.2,6.93,PL,3,Leicester,10.6,19.6,11.4,10.6,1.8,6.93,3,Leicester,58,14,311,54.4,82.4,16.9,6.93,3,Leicester,4,15.7,2.5,3.3,9.1,2.2,6.93
4,Chelsea,17.6,9.9,27.4,6.89,4,Chelsea,12.5,6.89,4,Chelsea,10.3,10,6.89,4,Chelsea,1.8,0,6.89,4,Chelsea,1.8,6.89,4,Chelsea,15.8,6.89,4,Chelsea,2.4,1.5,7.2,6.89,4,Chelsea,1.7,0,1.1,0.6,6.89,4,Chelsea,16.6,5.8,1.2,9.6,6.89,4,Chelsea,1.8,0.3,1.2,0.2,6.89,4,Chelsea,7.1,13,20.1,6.89,4,Chelsea,16.1,11.3,6.89,4,Chelsea,37.2,18.7,18.5,6.89,4,Chelsea,602,28,26.6,482.2,65.2,6.89,4,Chelsea,12.4,2,10.5,6.89,4,Chelsea,0.4,0,0.1,0.1,0,0.7,1.2,6.89,4,Chelsea,16.6,11.9,0.4,4.1,0.1,6.89,4,Chelsea,3.2,1.1,0.5,0.4,NA,8.5,6.89,PL,4,Chelsea,8.5,17.6,12.5,10,1.8,6.89,4,Chelsea,51,16.6,530,57.4,84.8,18.7,6.89,4,Chelsea,5.4,16.9,3.2,3.6,8.6,1.1,6.89
5,Wolverhampton Wanderers,17.9,11.4,29.3,6.84,5,Wolverhampton Wanderers,11.9,6.84,5,Wolverhampton Wanderers,9.3,10.9,6.84,5,Wolverhampton Wanderers,1.6,0.1,6.84,5,Wolverhampton Wanderers,1.4,6.84,5,Wolverhampton Wanderers,17.8,6.84,5,Wolverhampton Wanderers,3,1.4,6.7,6.84,5,Wolverhampton Wanderers,2.7,0.2,1.7,0.8,6.84,5,Wolverhampton Wanderers,12.8,4.4,1.2,7.1,6.84,5,Wolverhampton Wanderers,1.4,0.4,0.7,0.2,6.84,5,Wolverhampton Wanderers,8.2,14,22.1,6.84,5,Wolverhampton Wanderers,14.6,8.9,6.84,5,Wolverhampton Wanderers,38.8,20.3,18.4,6.84,5,Wolverhampton Wanderers,430.8,34.6,30.9,304.2,61.1,6.84,5,Wolverhampton Wanderers,9.3,1.3,8,6.84,5,Wolverhampton Wanderers,0.2,0,0,0,0,0.7,0.9,6.84,5,Wolverhampton Wanderers,12.8,8.4,0.9,3.4,0.1,6.84,5,Wolverhampton Wanderers,2.7,0.8,0.2,0.4,NA,6.2,6.84,PL,5,Wolverhampton Wanderers,11.3,17.9,11.9,10.9,1.4,6.84,5,Wolverhampton Wanderers,41,12.8,452,47.6,78.6,20.3,6.84,5,Wolverhampton Wanderers,5,14.9,2.8,2.5,6.5,2.1,6.84
6,Manchester United,15.8,10.4,26.2,6.79,6,Manchester United,9.8,6.79,6,Manchester United,11.5,11,6.79,6,Manchester United,1.9,0,6.79,6,Manchester United,1.3,6.79,6,Manchester United,17.6,6.79,6,Manchester United,2.7,2.3,6.8,6.79,6,Manchester United,2.6,0.1,1.5,1,6.79,6,Manchester United,14.8,6.9,0.9,6.9,6.79,6,Manchester United,1.5,0.2,1,0.2,6.79,6,Manchester United,8.1,11.7,19.8,6.79,6,Manchester United,15.1,11.1,6.79,6,Manchester United,30.4,15.5,14.9,6.79,6,Manchester United,503,22.9,25.7,391.7,62.7,6.79,6,Manchester United,10.9,1.7,9.2,6.79,6,Manchester United,0.3,0,0.1,0,0,0.6,1,6.79,6,Manchester United,14.8,10.4,0.7,3.3,0.3,6.79,6,Manchester United,2.1,0.7,0.7,0.3,NA,8,6.79,PL,6,Manchester United,10.5,15.8,9.8,11,1.3,6.79,6,Manchester United,44,14.8,560,53.3,82.4,15.5,6.79,6,Manchester United,3.4,14.1,2.3,3,9.1,2,6.79
7,Tottenham,17.8,11.7,29.4,6.78,7,Tottenham,9.9,6.78,7,Tottenham,11.1,10.2,6.78,7,Tottenham,2.2,0.1,6.78,7,Tottenham,1.8,6.78,7,Tottenham,22.1,6.78,7,Tottenham,4.1,1.8,7.9,6.78,7,Tottenham,3.7,0.2,2,1.4,6.78,7,Tottenham,12.1,4.7,0.8,6.6,6.78,7,Tottenham,1.6,0.3,1,0.2,6.78,7,Tottenham,8.2,12.5,20.7,6.78,7,Tottenham,15.4,12.3,6.78,7,Tottenham,34.8,17.2,17.6,6.78,7,Tottenham,497.4,21.6,32.2,381.9,61.7,6.78,7,Tottenham,9.4,1.1,8.4,6.78,7,Tottenham,0.2,0.1,0,0,0,0.8,1,6.78,7,Tottenham,12.1,8.9,0.7,2.3,0.1,6.78,7,Tottenham,1.9,0.6,0.4,0.2,NA,7,6.78,PL,7,Tottenham,14.4,17.8,9.9,10.2,1.8,6.78,7,Tottenham,47,12.1,633,51.9,81.1,17.2,6.78,7,Tottenham,3,13.9,1.9,3.1,9.6,1.7,6.78
8,Sheffield United,16.8,10.3,27.1,6.76,8,Sheffield United,11.5,6.76,8,Sheffield United,7.4,10.9,6.76,8,Sheffield United,1.8,0,6.76,8,Sheffield United,2.2,6.76,8,Sheffield United,23.9,6.76,8,Sheffield United,2.9,1.6,6,6.76,8,Sheffield United,2.5,0.2,1.4,0.9,6.76,8,Sheffield United,10.2,2.7,1,6.5,6.76,8,Sheffield United,1.1,0.2,0.8,0,6.76,8,Sheffield United,5.1,9.6,14.7,6.76,8,Sheffield United,14.4,8.2,6.76,8,Sheffield United,48.8,25,23.8,6.76,8,Sheffield United,395.5,29.9,44.9,263.5,57.2,6.76,8,Sheffield United,7.6,1.8,5.8,6.76,8,Sheffield United,0.2,0,0.1,0,0,0.4,0.6,6.76,8,Sheffield United,10.2,6.5,0.7,2.9,0,6.76,8,Sheffield United,2.6,0.8,0.3,0.3,NA,4.6,6.76,PL,8,Sheffield United,11.4,16.8,11.5,10.9,2.2,6.76,8,Sheffield United,30,10.2,511,44.9,74.2,25,6.76,8,Sheffield United,5.4,18.1,2.5,3.5,4.8,3.2,6.76
9,Crystal Palace,17.7,10.2,28,6.75,9,Crystal Palace,11.7,6.75,9,Crystal Palace,12.5,10.9,6.75,9,Crystal Palace,1.7,0,6.75,9,Crystal Palace,1.5,6.75,9,Crystal Palace,22.3,6.75,9,Crystal Palace,3.8,2.3,6.4,6.75,9,Crystal Palace,3.4,0.5,1.8,1.2,6.75,9,Crystal Palace,9.9,3.3,0.9,5.7,6.75,9,Crystal Palace,0.9,0.1,0.6,0.1,6.75,9,Crystal Palace,7.3,11.6,19,6.75,9,Crystal Palace,15.9,12.4,6.75,9,Crystal Palace,43.1,21.6,21.6,6.75,9,Crystal Palace,381.3,23.1,34.9,266.3,57,6.75,9,Crystal Palace,7.1,1.2,5.9,6.75,9,Crystal Palace,0.1,0,0,0,0,0.5,0.6,6.75,9,Crystal Palace,9.9,6.3,0.4,3.1,0.1,6.75,9,Crystal Palace,1.7,0.8,0.2,0.4,NA,5.1,6.75,PL,9,Crystal Palace,13.6,17.7,11.7,10.9,1.5,6.75,9,Crystal Palace,26,9.9,481,46.4,75.9,21.6,6.75,9,Crystal Palace,3.4,11.7,1.7,3.1,7.8,3.4,6.75
10,Arsenal,16.2,10,26.2,6.74,10,Arsenal,9.2,6.74,10,Arsenal,11.6,11,6.74,10,Arsenal,2.3,0.1,6.74,10,Arsenal,1.9,6.74,10,Arsenal,18.5,6.74,10,Arsenal,3.8,1.6,6.6,6.74,10,Arsenal,3.7,0.3,1.9,1.6,6.74,10,Arsenal,11.1,3.5,0.9,6.8,6.74,10,Arsenal,1.4,0.3,1,0.1,6.74,10,Arsenal,8.3,11.8,20,6.74,10,Arsenal,15.1,9.8,6.74,10,Arsenal,29.7,13.4,16.3,6.74,10,Arsenal,507.1,27.1,26.6,398,55.4,6.74,10,Arsenal,8.6,1,7.6,6.74,10,Arsenal,0.3,0.1,0.1,0,0,0.6,1,6.74,10,Arsenal,11.1,7.6,0.6,2.9,0.1,6.74,10,Arsenal,2.3,1.1,0.4,0.2,NA,5.7,6.74,PL,10,Arsenal,14.8,16.2,9.2,11,1.9,6.74,10,Arsenal,40,11.1,633,54.2,83.8,13.4,6.74,10,Arsenal,4.2,15.4,3,3.3,9.9,2.2,6.74
11,Burnley,14.7,8.9,23.6,6.73,11,Burnley,10.3,6.73,11,Burnley,9.8,11.1,6.73,11,Burnley,2,0,6.73,11,Burnley,2.4,6.73,11,Burnley,20.7,6.73,11,Burnley,4.5,1.9,7.1,6.73,11,Burnley,3,0.2,1.8,1.1,6.73,11,Burnley,10.4,3.4,1.7,5.2,6.73,11,Burnley,1.2,0.4,0.5,0.2,6.73,11,Burnley,5.8,6.9,12.7,6.73,11,Burnley,14.2,7.9,6.73,11,Burnley,50,25.6,24.4,6.73,11,Burnley,325.7,23.8,46.6,199,56.3,6.73,11,Burnley,7.4,2.1,5.2,6.73,11,Burnley,0.3,0.1,0,0,0,0.4,0.8,6.73,11,Burnley,10.4,6.6,0.1,3.6,0.1,6.73,11,Burnley,2.8,0.8,0.2,0.4,NA,4.2,6.73,PL,11,Burnley,13.9,14.7,10.3,11.1,2.4,6.73,11,Burnley,34,10.4,580,43.1,68.4,25.6,6.73,11,Burnley,5,14.9,1.8,2.9,4.4,5.3,6.73
12,West Ham,18.9,12.7,31.5,6.71,12,West Ham,11.4,6.71,12,West Ham,9,10.3,6.71,12,West Ham,1.8,0,6.71,12,West Ham,2,6.71,12,West Ham,19.8,6.71,12,West Ham,3.3,1.4,7,6.71,12,West Ham,3.5,0.2,2.1,1.2,6.71,12,West Ham,10.4,3.1,1,6.3,6.71,12,West Ham,1.2,0.2,0.9,0.1,6.71,12,West Ham,6.8,11,17.8,6.71,12,West Ham,13.6,8.7,6.71,12,West Ham,44.7,22.5,22.2,6.71,12,West Ham,400.3,26.8,35.8,277,60.7,6.71,12,West Ham,8.2,1.7,6.5,6.71,12,West Ham,0.3,0.1,0.1,0.1,0,0.5,0.9,6.71,12,West Ham,10.4,6.6,0.6,3,0.1,6.71,12,West Ham,3,1.1,0.3,0.5,NA,4.8,6.71,PL,12,West Ham,13.5,18.9,11.4,10.3,2,6.71,12,West Ham,35,10.4,531,45.5,75.9,22.5,6.71,12,West Ham,4.6,14.7,2.1,3,7.3,2.8,6.71
13,Brighton,17.7,10.9,28.6,6.68,13,Brighton,11.1,6.68,13,Brighton,8.4,10,6.68,13,Brighton,1.6,0.1,6.68,13,Brighton,1.8,6.68,13,Brighton,17.3,6.68,13,Brighton,3.1,1.4,7.6,6.68,13,Brighton,3.2,0.3,2.1,0.7,6.68,13,Brighton,13,5.1,1.3,6.6,6.68,13,Brighton,1.1,0.2,0.6,0.1,6.68,13,Brighton,7,9.4,16.3,6.68,13,Brighton,17.1,10.9,6.68,13,Brighton,35.5,19.5,16,6.68,13,Brighton,513.9,30.2,29.3,388.7,65.7,6.68,13,Brighton,9.7,1.9,7.8,6.68,13,Brighton,0.3,0,0,0.1,0,0.3,0.7,6.68,13,Brighton,13,9.2,0.3,3.4,0,6.68,13,Brighton,2.4,1,0.2,0.5,NA,6.8,6.68,PL,13,Everton,10.9,18.3,10.8,11.9,1.7,6.68,13,Everton,37,13.3,533,49.4,77.4,22.9,6.68,13,Brighton,4.3,14.2,2,2.4,7.1,1.6,6.68
14,Everton,18.3,10.3,28.6,6.68,14,Everton,10.8,6.68,14,Everton,10.2,11.9,6.68,14,Everton,1.8,0.1,6.68,14,Everton,1.7,6.68,14,Everton,17.8,6.68,14,Everton,2.3,1.5,6.6,6.68,14,Everton,2.6,0.2,1.5,0.9,6.68,14,Everton,13.3,4.2,1.4,7.7,6.68,14,Everton,1.3,0.4,0.7,0,6.68,14,Everton,6.6,9.9,16.5,6.68,14,Everton,16.3,9.1,6.68,14,Everton,46.1,22.9,23.2,6.68,14,Everton,412,30.3,33,288.5,60.1,6.68,14,Everton,9.6,1.6,8,6.68,14,Everton,0.4,0,0.1,0,0,0.4,0.9,6.68,14,Everton,13.3,7.8,0.5,5.1,0,6.68,14,Everton,3.1,1.3,0.5,0.7,NA,5.6,6.68,PL,14,Brighton,12.3,17.7,11.1,10,1.8,6.68,14,Brighton,32,13,452,54.2,81.5,19.5,6.68,14,Everton,5.4,17.7,2.2,3.8,8.1,2.6,6.68
15,Newcastle United,16.1,9.7,25.8,6.67,15,Newcastle United,10.9,6.67,15,Newcastle United,10.8,9.5,6.67,15,Newcastle United,1.8,0.1,6.67,15,Newcastle United,2.1,6.67,15,Newcastle United,26.4,6.67,15,Newcastle United,3.9,2,6.9,6.67,15,Newcastle United,4,0.5,2.3,1.2,6.67,15,Newcastle United,10.3,4.4,0.4,5.4,6.67,15,Newcastle United,0.9,0.2,0.6,0.1,6.67,15,Newcastle United,8.1,10.7,18.8,6.67,15,Newcastle United,16.4,7.5,6.67,15,Newcastle United,41.1,20.4,20.7,6.67,15,Newcastle United,328.9,24.9,36,219.1,49,6.67,15,Newcastle United,7.6,1.8,5.8,6.67,15,Newcastle United,0.1,0,0,0,0,0.4,0.6,6.67,15,Newcastle United,10.3,6.7,0.7,2.9,0,6.67,15,Newcastle United,2,0.9,0.2,0.3,NA,5,6.67,PL,15,Newcastle United,15.3,16.1,10.9,9.5,2.1,6.67,15,Newcastle United,25,10.3,523,40.8,74.2,20.4,6.67,15,Newcastle United,3.5,12.4,1.7,2.3,7.1,3.9,6.67
16,Aston Villa,15.3,10.2,25.4,6.65,16,Aston Villa,10.9,6.65,16,Aston Villa,13.1,11.7,6.65,16,Aston Villa,1.9,0,6.65,16,Aston Villa,1.8,6.65,16,Aston Villa,23.3,6.65,16,Aston Villa,5.6,2.7,7.2,6.65,16,Aston Villa,3.5,0.3,2,1.2,6.65,16,Aston Villa,12.3,4.5,0.8,6.9,6.65,16,Aston Villa,1.2,0.3,0.7,0.1,6.65,16,Aston Villa,6.5,10.1,16.5,6.65,16,Aston Villa,15.3,8.9,6.65,16,Aston Villa,38.3,18.8,19.5,6.65,16,Aston Villa,379.3,26.1,34.6,268,50.6,6.65,16,Aston Villa,9.9,1.8,8.1,6.65,16,Aston Villa,0.4,0,0.1,0.1,0,0.5,1,6.65,16,Aston Villa,12.3,8.5,0.4,3.2,0.1,6.65,16,Aston Villa,3.1,0.8,0.2,0.5,NA,6.4,6.65,PL,16,Aston Villa,18.1,15.3,10.9,11.7,1.8,6.65,16,Aston Villa,34,12.3,531,47.1,77.5,18.8,6.65,16,Aston Villa,4.5,16.6,2.4,2.7,9,3,6.65
17,Bournemouth,13.1,9.6,22.7,6.64,17,Bournemouth,13.2,6.64,17,Bournemouth,10.2,9.3,6.64,17,Bournemouth,2,0.1,6.64,17,Bournemouth,1.6,6.64,17,Bournemouth,27.6,6.64,17,Bournemouth,4.7,2.7,7.1,6.64,17,Bournemouth,3.5,0.4,1.7,1.4,6.64,17,Bournemouth,10.2,3.7,0.8,5.8,6.64,17,Bournemouth,1,0.3,0.6,0.1,6.64,17,Bournemouth,6.9,8.5,15.3,6.64,17,Bournemouth,15.4,10,6.64,17,Bournemouth,42.8,20.9,21.9,6.64,17,Bournemouth,397.8,21.7,34.4,280.1,61.6,6.64,17,Bournemouth,7.4,1.4,6,6.64,17,Bournemouth,0.1,0.1,0.1,0,0,0.4,0.6,6.64,17,Bournemouth,10.2,5.8,0.4,4,0,6.64,17,Bournemouth,2,0.9,0.3,0.2,NA,4.9,6.64,PL,17,Southampton,12.2,19.1,10.6,12.2,1.6,6.64,17,Southampton,35,12.8,423,48.1,71.7,21.6,6.64,17,Bournemouth,3.1,13.4,1.9,2.8,7.5,2.7,6.64
18,Southampton,19.1,13.3,32.4,6.64,18,Southampton,10.6,6.64,18,Southampton,9.6,12.2,6.64,18,Southampton,1.4,0.1,6.64,18,Southampton,1.6,6.64,18,Southampton,21.5,6.64,18,Southampton,3,1.5,10.3,6.64,18,Southampton,3,0.3,1.9,0.9,6.64,18,Southampton,12.8,5.1,1.4,6.2,6.64,18,Southampton,1.2,0.4,0.6,0.2,6.64,18,Southampton,6.9,11.2,18.1,6.64,18,Southampton,18.1,10,6.64,18,Southampton,45.6,21.6,24,6.64,18,Southampton,394,22.9,42.7,259.4,69,6.64,18,Southampton,8.8,1.5,7.3,6.64,18,Southampton,0.2,0,0.1,0.1,0,0.4,0.7,6.64,18,Southampton,12.8,8.2,0.4,4.1,0.1,6.64,18,Southampton,2.6,0.8,0.2,0.6,NA,5.8,6.64,PL,18,Bournemouth,15.6,13.1,13.2,9.3,1.6,6.64,18,Bournemouth,29,10.2,573,46.3,75.9,20.9,6.64,18,Southampton,4.4,14.1,1.5,4,6.4,3.3,6.64
19,Watford,17.8,12.3,30.1,6.63,19,Watford,11.5,6.63,19,Watford,8.2,12.1,6.63,19,Watford,2.1,0.1,6.63,19,Watford,1.8,6.63,19,Watford,23.9,6.63,19,Watford,3.4,1.6,6.9,6.63,19,Watford,3.1,0.2,2,0.9,6.63,19,Watford,11.4,4,0.6,6.7,6.63,19,Watford,0.9,0.1,0.8,0,6.63,19,Watford,7,8.9,15.9,6.63,19,Watford,14.1,8.6,6.63,19,Watford,41.6,20.9,20.7,6.63,19,Watford,380.3,23.2,37.9,258.4,60.8,6.63,19,Watford,8.3,1.1,7.2,6.63,19,Watford,0.1,0,0,0,0,0.5,0.6,6.63,19,Watford,11.4,8,0.5,2.8,0.2,6.63,19,Watford,1.7,0.4,0.1,0.2,NA,6.4,6.63,PL,19,Watford,12.8,17.8,11.5,12.1,1.8,6.63,19,Watford,27,11.4,613,44.5,74.1,20.9,6.63,19,Watford,3.8,13.2,1.5,3.1,4.4,4,6.63
20,Norwich,16.9,11.7,28.6,6.62,20,Norwich,10.8,6.62,20,Norwich,11.5,9.6,6.62,20,Norwich,1.8,0,6.62,20,Norwich,1.2,6.62,20,Norwich,24.1,6.62,20,Norwich,4.6,2.3,7.4,6.62,20,Norwich,3.6,0.3,2,1.2,6.62,20,Norwich,11.6,4.3,0.8,6.4,6.62,20,Norwich,0.9,0.1,0.7,0.1,6.62,20,Norwich,7.9,12,19.9,6.62,20,Norwich,16.1,11.1,6.62,20,Norwich,31.7,14.4,17.2,6.62,20,Norwich,463.8,23.3,33.9,350.7,55.9,6.62,20,Norwich,8.5,1.1,7.4,6.62,20,Norwich,0.1,0,0.1,0,0,0.4,0.6,6.62,20,Norwich,11.6,8.2,0.2,3.1,0.1,6.62,20,Norwich,1.6,1,0.5,0.3,NA,6.3,6.62,PL,20,Norwich,15.4,16.9,10.8,9.6,1.2,6.62,20,Norwich,25,11.6,531,50.5,80.6,14.4,6.62,20,Norwich,2.8,10,1.7,3,8.2,2.7,6.62
1,Los Angeles FC,17.3,9.1,26.4,7.02,1,Los Angeles FC,9.8,7.02,1,Los Angeles FC,12.6,11.6,7.02,1,Los Angeles FC,1.5,0,7.02,1,Los Angeles FC,2.2,7.02,1,Los Angeles FC,13.9,7.02,1,Los Angeles FC,2.4,1.2,8.3,7.02,1,Los Angeles FC,2.6,0.1,1.7,0.9,7.02,1,Los Angeles FC,18.3,6.9,1.4,10,7.02,1,Los Angeles FC,2.5,0.5,1.7,0.2,7.02,1,Los Angeles FC,10.9,14.4,25.3,7.02,1,Los Angeles FC,16.4,12.8,7.02,1,Los Angeles FC,22.2,11.8,10.5,7.02,1,Los Angeles FC,526.6,22.3,21.5,421.9,60.8,7.02,1,Los Angeles FC,13.5,1.6,11.9,7.02,1,Los Angeles FC,0.2,0.1,0.2,0.1,0,1.2,1.7,7.02,1,Los Angeles FC,18.3,13,0.5,4.5,0.3,7.02,1,Los Angeles FC,2.1,1.2,0.7,0.4,NA,10.4,7.02,MLS,1,Los Angeles FC,10.3,17.3,9.8,11.5,2.2,7,1,Los Angeles FC,91,18,511,55.5,84.4,12,7,1,Los Angeles FC,2.9,9.7,3,3.4,10.7,1.5,7
2,LA Galaxy,16.9,10,26.9,6.82,2,LA Galaxy,10.6,6.82,2,LA Galaxy,8.5,11.3,6.82,2,LA Galaxy,2.1,0.1,6.82,2,LA Galaxy,2.5,6.82,2,LA Galaxy,19.1,6.82,2,LA Galaxy,3.8,1.4,6.6,6.82,2,LA Galaxy,4.2,0.1,2.4,1.7,6.82,2,LA Galaxy,13.8,4.1,1.1,8.7,6.82,2,LA Galaxy,1.7,0.4,1.2,0.1,6.82,2,LA Galaxy,6.2,10,16.2,6.82,2,LA Galaxy,14.3,8.4,6.82,2,LA Galaxy,30.6,17.5,13.1,6.82,2,LA Galaxy,449.5,30.3,26.5,342.1,50.6,6.82,2,LA Galaxy,10.9,2.1,8.8,6.82,2,LA Galaxy,0.4,0.1,0.1,0,0,0.9,1.3,6.82,2,LA Galaxy,13.8,9.9,0.4,3.3,0.2,6.82,2,LA Galaxy,3.3,1.2,0.3,0.1,NA,7.3,6.82,MLS,2,LA Galaxy,16.6,17.4,10.7,11.2,2.5,6.82,2,LA Galaxy,63,13.9,763,50,82.7,17.4,6.82,2,Atlanta United,4,12.8,2.6,3.1,10,2.7,6.82
3,Atlanta United,14.9,9.5,24.4,6.81,3,Atlanta United,9.4,6.81,3,Atlanta United,11.8,10.3,6.81,3,Atlanta United,1.6,0.1,6.81,3,Atlanta United,1.6,6.81,3,Atlanta United,13.4,6.81,3,Atlanta United,2.6,0.8,7.5,6.81,3,Atlanta United,2.7,0.3,1.3,1,6.81,3,Atlanta United,15,5.9,0.6,8.5,6.81,3,Atlanta United,1.7,0.3,1.1,0.2,6.81,3,Atlanta United,7.9,12.3,20.2,6.81,3,Atlanta United,16,9.4,6.81,3,Atlanta United,24,12.8,11.2,6.81,3,Atlanta United,493.4,33.8,27.7,372.5,59.3,6.81,3,Atlanta United,11.2,2.1,9.1,6.81,3,Atlanta United,0.1,0,0.2,0,0,0.8,1.1,6.81,3,Atlanta United,15,10.3,0.8,3.6,0.3,6.81,3,Atlanta United,2.2,1.3,0.7,0.2,NA,8.1,6.81,MLS,3,Atlanta United,11.2,14.9,9.5,10.2,1.7,6.82,3,Atlanta United,62,15,612,54.3,82.6,12.6,6.82,3,LA Galaxy,5.7,15.3,2.3,3.2,8.2,2.2,6.82
4,New York City FC,17.2,10.5,27.7,6.81,4,New York City FC,10.1,6.81,4,New York City FC,12,13.7,6.81,4,New York City FC,2.3,0,6.81,4,New York City FC,2,6.81,4,New York City FC,18.9,6.81,4,New York City FC,2.6,1,7.9,6.81,4,New York City FC,2.6,0.1,1.3,1.2,6.81,4,New York City FC,15.2,6.5,0.5,8.2,6.81,4,New York City FC,1.9,0.3,1.2,0.4,6.81,4,New York City FC,6.3,9.5,15.7,6.81,4,New York City FC,16.3,10.4,6.81,4,New York City FC,30.1,15.2,15,6.81,4,New York City FC,509.6,35.9,32.6,377.9,63.2,6.81,4,New York City FC,11.2,2,9.3,6.81,4,New York City FC,0.1,0,0.1,0,0,1,1.3,6.81,4,New York City FC,15.2,10.9,0.6,3.4,0.3,6.81,4,New York City FC,2,1,0.3,0.3,NA,8.5,6.81,MLS,4,New York City FC,11.5,17.2,10.3,13.7,2.2,6.81,4,New York City FC,64,15.2,801,55.2,81,15.5,6.81,4,New York City FC,3.6,10.8,2.2,3,10.2,3.9,6.81
5,DC United,16.7,10.3,27,6.81,5,DC United,9.7,6.81,5,DC United,11.3,11.4,6.81,5,DC United,1.4,0.1,6.81,5,DC United,1.5,6.81,5,DC United,23,6.81,5,DC United,5.3,1.3,6.9,6.81,5,DC United,3.8,0.1,2,1.6,6.81,5,DC United,12.6,5,0.7,6.9,6.81,5,DC United,1.2,0.2,0.8,0.2,6.81,5,DC United,7.4,10.4,17.7,6.81,5,DC United,14.4,10,6.81,5,DC United,33.5,17.7,15.8,6.81,5,DC United,432.9,26.1,31.4,318.1,57.4,6.81,5,DC United,9.1,2.2,6.9,6.81,5,DC United,0.1,0,0.1,0.1,0,0.5,0.7,6.81,5,DC United,12.6,7.5,0.4,4.5,0.1,6.81,5,DC United,2.3,0.9,0.2,0.7,NA,6.3,6.81,MLS,5,DC United,17.3,16.9,9.9,11.6,1.5,6.79,5,DC United,43,12.6,506,48.4,79.3,18.1,6.79,5,DC United,4.5,11,2.7,2.1,7.1,3.1,6.8
6,Minnesota United,17.5,9,26.5,6.79,6,Minnesota United,12.7,6.79,6,Minnesota United,9.4,11.5,6.79,6,Minnesota United,1.6,0.1,6.79,6,Minnesota United,1.5,6.79,6,Minnesota United,19.4,6.79,6,Minnesota United,3.6,1.4,7.2,6.79,6,Minnesota United,3.8,0.2,1.9,1.7,6.79,6,Minnesota United,13.7,4.9,1,7.8,6.79,6,Minnesota United,1.5,0.3,1,0.2,6.79,6,Minnesota United,7.1,10.4,17.5,6.79,6,Minnesota United,16.4,9.8,6.79,6,Minnesota United,29.6,13.6,15.9,6.79,6,Minnesota United,405,26.8,29.6,294.2,54.3,6.79,6,Minnesota United,10.2,2,8.2,6.79,6,Minnesota United,0.2,0,0.2,0.1,0,0.6,1,6.79,6,Minnesota United,13.7,10.4,0.3,2.8,0.2,6.79,6,Minnesota United,2.4,0.8,0.4,0.3,NA,7.1,6.79,MLS,6,Minnesota United,14.4,17.4,12.7,11.5,1.6,6.78,6,Minnesota United,53,13.8,544,46.3,79.4,13.8,6.78,6,Minnesota United,4.2,14.6,1.7,3,8.1,2.7,6.78
7,Philadelphia Union,18.9,10.6,29.5,6.77,7,Philadelphia Union,9.1,6.77,7,Philadelphia Union,9.6,11.4,6.77,7,Philadelphia Union,1.7,0.1,6.77,7,Philadelphia Union,2.4,6.77,7,Philadelphia Union,15.7,6.77,7,Philadelphia Union,3.1,1.1,7.6,6.77,7,Philadelphia Union,2.4,0.1,1.5,0.8,6.77,7,Philadelphia Union,14,5.5,1.1,7.4,6.77,7,Philadelphia Union,1.7,0.2,1.3,0.2,6.77,7,Philadelphia Union,6.6,10.6,17.2,6.77,7,Philadelphia Union,15.7,8.4,6.77,7,Philadelphia Union,31.4,15.6,15.8,6.77,7,Philadelphia Union,484,27.1,29.2,368.9,58.7,6.77,7,Philadelphia Union,10.5,1.5,9,6.77,7,Philadelphia Union,0.2,0,0.1,0,0,1,1.2,6.77,7,Philadelphia Union,14,9.8,0.3,3.7,0.2,6.77,7,Philadelphia Union,2,0.9,0.5,0.4,NA,7.5,6.77,MLS,7,Philadelphia Union,11.6,18.5,9.2,11.8,2.5,6.76,7,Philadelphia Union,62,14.4,623,52.1,81.5,16,6.76,7,San Jose Earthquakes,3.9,13.4,4.1,2.5,10.9,1.2,6.75
8,San Jose Earthquakes,17.7,9.1,26.9,6.75,8,San Jose Earthquakes,10.6,6.75,8,San Jose Earthquakes,12.2,12.5,6.75,8,San Jose Earthquakes,2.1,0.1,6.75,8,San Jose Earthquakes,2.2,6.75,8,San Jose Earthquakes,14.9,6.75,8,San Jose Earthquakes,2.7,0.9,6.9,6.75,8,San Jose Earthquakes,3.2,0.1,1.8,1.3,6.75,8,San Jose Earthquakes,17.5,7.8,1.3,8.4,6.75,8,San Jose Earthquakes,1.5,0.4,0.9,0.2,6.75,8,San Jose Earthquakes,7.1,11.7,18.9,6.75,8,San Jose Earthquakes,14.1,10.6,6.75,8,San Jose Earthquakes,23.1,10.6,12.5,6.75,8,San Jose Earthquakes,501.9,38.1,26.5,385,52.4,6.75,8,San Jose Earthquakes,13.9,1.7,12.2,6.75,8,San Jose Earthquakes,0.1,0,0.1,0,0,0.9,1.2,6.75,8,San Jose Earthquakes,17.5,13.3,0.3,3.9,0,6.75,8,San Jose Earthquakes,2.1,1.1,0.3,0.4,NA,11,6.75,MLS,8,San Jose Earthquakes,13.1,17.7,10.6,12.5,2.2,6.75,8,San Jose Earthquakes,52,17.5,705,55.8,84.3,10.6,6.75,8,Philadelphia Union,4,12.5,2.5,3,8.4,2.1,6.75
9,Portland Timbers,16.9,10.3,27.2,6.74,9,Portland Timbers,10.1,6.74,9,Portland Timbers,9,13.5,6.74,9,Portland Timbers,2.2,0.2,6.74,9,Portland Timbers,1.6,6.74,9,Portland Timbers,19,6.74,9,Portland Timbers,3.1,1,6.4,6.74,9,Portland Timbers,3.6,0.2,2.2,1.2,6.74,9,Portland Timbers,16.5,6,0.9,9.6,6.74,9,Portland Timbers,1.5,0.3,0.9,0.3,6.74,9,Portland Timbers,6.1,8,14.1,6.74,9,Portland Timbers,14.3,7.7,6.74,9,Portland Timbers,27.7,13.8,13.9,6.74,9,Portland Timbers,450.9,34.8,26.9,333.5,55.7,6.74,9,Portland Timbers,13.2,3.1,10.2,6.74,9,Portland Timbers,0.3,0.1,0.1,0.1,0,0.6,1,6.74,9,Portland Timbers,16.5,11.5,0.9,4.1,0.1,6.74,9,Portland Timbers,3.6,1.7,0.3,0.4,NA,9.2,6.74,MLS,9,Seattle Sounders FC,14,16.6,10.6,10.2,1.7,6.75,9,Seattle Sounders FC,64,13,564,49.3,81.1,14.4,6.75,9,Seattle Sounders FC,4.1,13.1,2.9,3.4,10.1,2.4,6.75
10,FC Dallas,17.8,9.3,27.1,6.73,10,FC Dallas,11,6.73,10,FC Dallas,11.7,12.6,6.73,10,FC Dallas,2,0,6.73,10,FC Dallas,1.5,6.73,10,FC Dallas,16.4,6.73,10,FC Dallas,3,1.3,6.8,6.73,10,FC Dallas,2.7,0.1,1.5,1.1,6.73,10,FC Dallas,13.8,6.2,0.7,6.9,6.73,10,FC Dallas,1.6,0.3,1,0.2,6.73,10,FC Dallas,7,9.2,16.2,6.73,10,FC Dallas,13.5,9.9,6.73,10,FC Dallas,23,11.7,11.3,6.73,10,FC Dallas,495.9,31.3,25.3,387.9,51.3,6.73,10,FC Dallas,10.2,1.9,8.4,6.73,10,FC Dallas,0.1,0.1,0.1,0,0,0.8,1,6.73,10,FC Dallas,13.8,10,0.4,3.3,0.1,6.73,10,FC Dallas,1.5,1.1,0.2,0.1,NA,8.1,6.73,MLS,10,FC Dallas,13.1,17.7,11.2,12.8,1.5,6.74,10,FC Dallas,57,14.1,701,52.6,84.4,12,6.74,10,FC Dallas,3.5,11,3.3,2.3,10,1.5,6.73
11,Real Salt Lake,14,8.9,23,6.73,11,Real Salt Lake,10.4,6.73,11,Real Salt Lake,11.5,11.2,6.73,11,Real Salt Lake,1.9,0.1,6.73,11,Real Salt Lake,2.6,6.73,11,Real Salt Lake,19.4,6.73,11,Real Salt Lake,3.4,1.8,5.9,6.73,11,Real Salt Lake,2.6,0.1,1.6,0.9,6.73,11,Real Salt Lake,12.6,5.9,0.5,6.2,6.73,11,Real Salt Lake,1.4,0.2,0.8,0.3,6.73,11,Real Salt Lake,6.6,9.5,16.1,6.73,11,Real Salt Lake,15.4,8.3,6.73,11,Real Salt Lake,29.1,15.1,14,6.73,11,Real Salt Lake,440.2,33.7,32.3,323,51.1,6.73,11,Real Salt Lake,9.5,2,7.5,6.73,11,Real Salt Lake,0.1,0,0.1,0,0,0.7,0.9,6.73,11,Real Salt Lake,12.6,9.4,0.4,2.6,0.2,6.73,11,Real Salt Lake,1.6,0.7,0.2,0.3,NA,7.3,6.73,MLS,11,Chicago Fire,11.1,16.5,10.5,12,1.8,6.73,11,Chicago Fire,55,14.1,623,49,80.5,13.8,6.73,11,Portland Timbers,6,16.2,2.8,3.1,7.8,2.2,6.73
12,Chicago Fire,16.5,9.4,25.9,6.73,12,Chicago Fire,10.5,6.73,12,Chicago Fire,10.1,12,6.73,12,Chicago Fire,1.8,0.1,6.73,12,Chicago Fire,1.8,6.73,12,Chicago Fire,15.8,6.73,12,Chicago Fire,2.6,0.9,6.2,6.73,12,Chicago Fire,2.7,0.3,1.1,1.3,6.73,12,Chicago Fire,14.1,5.3,1.4,7.4,6.73,12,Chicago Fire,1.6,0.4,1,0.1,6.73,12,Chicago Fire,6.4,9,15.4,6.73,12,Chicago Fire,15.3,8,6.73,12,Chicago Fire,27.6,13.8,13.8,6.73,12,Chicago Fire,440.8,30.5,32.8,324.5,52.9,6.73,12,Chicago Fire,10.9,2.2,8.6,6.73,12,Chicago Fire,0.4,0.1,0,0.1,0,0.7,1.1,6.73,12,Chicago Fire,14.1,9.9,0.5,3.6,0.1,6.73,12,Chicago Fire,2.4,0.9,0.2,0.4,NA,8.1,6.73,MLS,12,Portland Timbers,14.2,16.8,10.1,13.4,1.7,6.73,12,Portland Timbers,53,16.4,756,49.6,81.5,13.9,6.73,12,Chicago Fire,3.8,12.7,2.3,2.6,8.5,2.4,6.73
13,New York Red Bulls,19.9,10.9,30.8,6.72,13,New York Red Bulls,12,6.72,13,New York Red Bulls,12.7,11.9,6.72,13,New York Red Bulls,1.5,0.1,6.72,13,New York Red Bulls,2,6.72,13,New York Red Bulls,19.6,6.72,13,New York Red Bulls,2.8,0.9,9.1,6.72,13,New York Red Bulls,2.7,0.1,1.6,0.9,6.72,13,New York Red Bulls,13.1,4.5,1,7.7,6.72,13,New York Red Bulls,1.6,0.3,1.1,0.1,6.72,13,New York Red Bulls,7.4,7.5,14.9,6.72,13,New York Red Bulls,16.9,10,6.72,13,New York Red Bulls,44.6,21.7,22.9,6.72,13,New York Red Bulls,383,17.6,41,245,79.4,6.72,13,New York Red Bulls,9.8,1.5,8.3,6.72,13,New York Red Bulls,0.3,0,0.1,0,0,0.7,1,6.72,13,New York Red Bulls,13.1,8.7,0.4,3.9,0.1,6.72,13,New York Red Bulls,2.3,1,0.4,0.4,NA,6.8,6.72,MLS,13,New York Red Bulls,13.2,20.1,11.9,11.9,2,6.72,13,New York Red Bulls,56,13.1,525,46.9,68.2,22.4,6.72,13,New York Red Bulls,4.4,13.5,2.9,2.6,8.5,5.1,6.72
14,Seattle Sounders FC,15.8,8.6,24.4,6.71,14,Seattle Sounders FC,10.4,6.71,14,Seattle Sounders FC,12.1,10.2,6.71,14,Seattle Sounders FC,1.5,0.1,6.71,14,Seattle Sounders FC,1.6,6.71,14,Seattle Sounders FC,17.2,6.71,14,Seattle Sounders FC,3.1,1.4,7.5,6.71,14,Seattle Sounders FC,3.4,0.1,1.6,1.6,6.71,14,Seattle Sounders FC,12.5,4.2,1.2,7.1,6.71,14,Seattle Sounders FC,1.5,0.3,1.1,0.1,6.71,14,Seattle Sounders FC,6.2,8.3,14.5,6.71,14,Seattle Sounders FC,14.5,10.9,6.71,14,Seattle Sounders FC,27.3,13.9,13.4,6.71,14,Seattle Sounders FC,471.8,32.2,26.1,354.1,59.4,6.71,14,Seattle Sounders FC,9.8,1.2,8.6,6.71,14,Seattle Sounders FC,0.2,0,0.1,0,0,0.7,1,6.71,14,Seattle Sounders FC,12.5,8.5,0.4,3.6,0.1,6.71,14,Seattle Sounders FC,2.6,1,0.3,0.4,NA,6.6,6.71,MLS,14,Real Salt Lake,12.8,13.9,10.1,11.4,2.6,6.72,14,Real Salt Lake,48,12.5,676,50.5,81.1,15.4,6.72,14,Real Salt Lake,3.1,9.7,1.5,1.9,9.6,2.5,6.72
15,Colorado Rapids,15,10.2,25.2,6.7,15,Colorado Rapids,10.3,6.7,15,Colorado Rapids,10.3,12,6.7,15,Colorado Rapids,2,0.2,6.7,15,Colorado Rapids,1.5,6.7,15,Colorado Rapids,20.3,6.7,15,Colorado Rapids,4.2,1.5,6.3,6.7,15,Colorado Rapids,3.4,0.2,2.2,1,6.7,15,Colorado Rapids,14.2,5.5,1,7.7,6.7,15,Colorado Rapids,1.7,0.4,1.1,0.2,6.7,15,Colorado Rapids,7,9.4,16.4,6.7,15,Colorado Rapids,14,9.3,6.7,15,Colorado Rapids,31.6,16.3,15.3,6.7,15,Colorado Rapids,350.5,27.9,33.2,243,46.4,6.7,15,Colorado Rapids,10.3,3,7.3,6.7,15,Colorado Rapids,0.4,0.3,0,0,0,0.6,1.1,6.7,15,Colorado Rapids,14.2,9,0.5,4.5,0.2,6.7,15,Colorado Rapids,3.3,1.5,0.2,0.6,NA,6.3,6.7,MLS,15,Colorado Rapids,15.5,15,10.3,12,1.5,6.7,15,Colorado Rapids,58,14.2,688,44.2,77.3,16.3,6.7,15,Colorado Rapids,4.6,14.3,1.9,3,6.4,3.7,6.7
16,New England Revolution,15.7,10,25.7,6.69,16,New England Revolution,10.6,6.69,16,New England Revolution,12.1,12.8,6.69,16,New England Revolution,1.9,0.2,6.69,16,New England Revolution,1.6,6.69,16,New England Revolution,19,6.69,16,New England Revolution,3.7,0.9,7.1,6.69,16,New England Revolution,3.9,0.3,2.4,1.2,6.69,16,New England Revolution,13.4,4.7,0.9,7.8,6.69,16,New England Revolution,1.5,0.4,0.9,0.2,6.69,16,New England Revolution,8.6,9.8,18.4,6.69,16,New England Revolution,17,10.2,6.69,16,New England Revolution,31.7,15.9,15.8,6.69,16,New England Revolution,389.1,27.8,31.9,269.9,59.5,6.69,16,New England Revolution,9.9,1.6,8.3,6.69,16,New England Revolution,0.3,0.1,0.1,0,0,0.7,1.1,6.69,16,New England Revolution,13.4,9.8,0.5,2.9,0.2,6.69,16,New England Revolution,2,0.8,0.5,0.4,NA,7.1,6.69,MLS,16,Toronto FC,12.8,15,8.4,10,1.7,6.69,16,Toronto FC,67,13,573,53.1,84.6,12.3,6.69,16,New England Revolution,3.2,12.7,2.1,2.7,10.6,3.1,6.68
17,Toronto FC,15.2,8,23.2,6.68,17,Toronto FC,8.5,6.68,17,Toronto FC,10.6,9.7,6.68,17,Toronto FC,1.4,0.1,6.68,17,Toronto FC,1.8,6.68,17,Toronto FC,14.6,6.68,17,Toronto FC,2.4,1.4,6.8,6.68,17,Toronto FC,2.7,0.2,1.3,1.2,6.68,17,Toronto FC,12.9,4.1,0.9,7.9,6.68,17,Toronto FC,1.7,0.4,1,0.3,6.68,17,Toronto FC,7.1,9.3,16.4,6.68,17,Toronto FC,15.9,9.2,6.68,17,Toronto FC,24.1,12.1,12,6.68,17,Toronto FC,529.8,32.9,25.8,418.8,52.2,6.68,17,Toronto FC,10,1.8,8.2,6.68,17,Toronto FC,0.2,0,0.1,0,0,0.9,1.1,6.68,17,Toronto FC,12.9,9.5,0.4,2.9,0.2,6.68,17,Toronto FC,2.1,1,0.3,0.3,NA,7.4,6.68,MLS,17,New England Revolution,14.8,15.7,10.5,12.8,1.7,6.68,17,New England Revolution,50,13.4,686,46.1,76.6,15.9,6.68,17,Toronto FC,3.4,12.1,2.4,3.2,8.8,2.4,6.67
18,Orlando City,15.9,10.1,26.1,6.65,18,Orlando City,10.3,6.65,18,Orlando City,9.6,11.1,6.65,18,Orlando City,1.8,0.1,6.65,18,Orlando City,1.6,6.65,18,Orlando City,21,6.65,18,Orlando City,2.5,1.2,6.1,6.65,18,Orlando City,3.4,0.1,1.9,1.3,6.65,18,Orlando City,11.4,4.6,1,5.8,6.65,18,Orlando City,1.3,0.2,0.9,0.1,6.65,18,Orlando City,6.9,9.1,16,6.65,18,Orlando City,15,9.3,6.65,18,Orlando City,28.5,14.2,14.3,6.65,18,Orlando City,431.5,27.2,31.1,318.5,54.7,6.65,18,Orlando City,8.4,1.2,7.2,6.65,18,Orlando City,0.2,0.1,0.1,0.1,0,0.6,0.9,6.65,18,Orlando City,11.4,7.9,0.4,3,0.1,6.65,18,Orlando City,1.7,0.9,0.3,0.2,NA,6.1,6.65,MLS,18,Orlando City,13.7,15.9,10.3,11.1,1.6,6.65,18,Orlando City,44,11.4,623,48.1,80.1,14.2,6.65,18,Orlando City,3.1,11.8,2.3,2.4,7.6,2.5,6.65
19,Montreal Impact,16.2,9.1,25.3,6.63,19,Montreal Impact,10.5,6.63,19,Montreal Impact,11.3,11.2,6.63,19,Montreal Impact,1.6,0.1,6.63,19,Montreal Impact,1.4,6.63,19,Montreal Impact,17,6.63,19,Montreal Impact,2.1,1.1,6.8,6.63,19,Montreal Impact,2.6,0.1,1.5,1,6.63,19,Montreal Impact,11.5,4.5,1,6.1,6.63,19,Montreal Impact,1.4,0.3,0.9,0.1,6.63,19,Montreal Impact,6.5,10.2,16.7,6.63,19,Montreal Impact,15.3,10.7,6.63,19,Montreal Impact,28.5,14.6,13.9,6.63,19,Montreal Impact,456.3,32.7,31.2,338.7,53.6,6.63,19,Montreal Impact,8.6,1.5,7.1,6.63,19,Montreal Impact,0.3,0.1,0.1,0,0,0.5,0.9,6.63,19,Montreal Impact,11.5,7.6,0.5,3.2,0.2,6.63,19,Montreal Impact,2.1,0.9,0.2,0.4,NA,6,6.63,MLS,19,Montreal Impact,11.1,16.2,10.5,11.2,1.4,6.63,19,Montreal Impact,47,11.5,553,49.5,81.4,14.6,6.63,19,Montreal Impact,3.6,11.9,2.1,2.7,9.4,2.3,6.63
20,Vancouver Whitecaps,14.2,8.4,22.6,6.61,20,Vancouver Whitecaps,11.8,6.61,20,Vancouver Whitecaps,10.9,10.5,6.61,20,Vancouver Whitecaps,1.9,0,6.61,20,Vancouver Whitecaps,1.1,6.61,20,Vancouver Whitecaps,23.8,6.61,20,Vancouver Whitecaps,5.2,1.3,5.2,6.61,20,Vancouver Whitecaps,4.4,0.1,2.5,1.9,6.61,20,Vancouver Whitecaps,10.6,4.3,0.6,5.7,6.61,20,Vancouver Whitecaps,1.1,0.1,0.8,0.1,6.61,20,Vancouver Whitecaps,6.1,8.4,14.6,6.61,20,Vancouver Whitecaps,13.5,8.8,6.61,20,Vancouver Whitecaps,27.6,13.3,14.3,6.61,20,Vancouver Whitecaps,426.9,29.5,32.8,315.6,49,6.61,20,Vancouver Whitecaps,7.5,1.5,6,6.61,20,Vancouver Whitecaps,0.1,0.1,0,0,0,0.5,0.6,6.61,20,Vancouver Whitecaps,10.6,7.5,0.4,2.4,0.2,6.61,20,Vancouver Whitecaps,1.7,0.6,0,0.3,NA,5.7,6.61,MLS,20,Columbus Crew,13,16.9,10.1,11.7,1.6,6.61,20,Columbus Crew,39,11.6,571,49.2,80.4,13.9,6.61,20,Vancouver Whitecaps,3.4,10.4,1.5,2.3,8.5,2.4,6.61
21,Columbus Crew,16.9,9.9,26.8,6.61,21,Columbus Crew,10.1,6.61,21,Columbus Crew,10.3,11.7,6.61,21,Columbus Crew,1.7,0,6.61,21,Columbus Crew,1.6,6.61,21,Columbus Crew,16.4,6.61,21,Columbus Crew,2.8,1.4,7.7,6.61,21,Columbus Crew,2.6,0.1,1.5,1,6.61,21,Columbus Crew,11.6,4.8,0.9,5.9,6.61,21,Columbus Crew,1.1,0.1,0.9,0.1,6.61,21,Columbus Crew,7.4,9.3,16.8,6.61,21,Columbus Crew,14.8,9.3,6.61,21,Columbus Crew,29.5,13.9,15.6,6.61,21,Columbus Crew,447.7,30.6,31.9,329.2,56,6.61,21,Columbus Crew,8.5,1.5,7,6.61,21,Columbus Crew,0.2,0.1,0,0.1,0,0.5,0.8,6.61,21,Columbus Crew,11.6,8.3,0.4,2.8,0.1,6.61,21,Columbus Crew,2.1,0.9,0.1,0.3,NA,6,6.61,MLS,21,Vancouver Whitecaps,20.1,14.2,11.8,10.5,1.1,6.61,21,Vancouver Whitecaps,37,10.6,631,46.6,80.8,13.3,6.61,21,Columbus Crew,3.8,13,2.1,3.4,7.6,2.7,6.61
22,Houston Dynamo,17.3,10.8,28.1,6.59,22,Houston Dynamo,8.4,6.59,22,Houston Dynamo,11.7,12.2,6.59,22,Houston Dynamo,1.9,0.1,6.59,22,Houston Dynamo,2,6.59,22,Houston Dynamo,14.7,6.59,22,Houston Dynamo,3.3,1.3,6.6,6.59,22,Houston Dynamo,3.1,0.1,1.6,1.4,6.59,22,Houston Dynamo,13.4,5.8,1,6.5,6.59,22,Houston Dynamo,1.4,0.2,1,0.1,6.59,22,Houston Dynamo,6.7,8.6,15.3,6.59,22,Houston Dynamo,13.5,8.4,6.59,22,Houston Dynamo,26.1,11.3,14.8,6.59,22,Houston Dynamo,412.4,28.2,29.7,307,47.5,6.59,22,Houston Dynamo,9.8,1.6,8.2,6.59,22,Houston Dynamo,0.1,0,0.1,0,0,0.8,1.1,6.59,22,Houston Dynamo,13.4,10,0.4,2.8,0.1,6.59,22,Houston Dynamo,1.6,0.5,0.4,0.3,NA,7.6,6.59,MLS,22,Houston Dynamo,14.3,17.3,8.4,12.2,2,6.59,22,Houston Dynamo,49,13.4,664,47.4,81.3,11.3,6.59,22,Houston Dynamo,3.4,12.1,2.1,3.1,9.5,2.6,6.59
23,Sporting Kansas City,14.1,10.9,25.1,6.58,23,Sporting Kansas City,9.1,6.58,23,Sporting Kansas City,11.6,12.3,6.58,23,Sporting Kansas City,2.1,0.2,6.58,23,Sporting Kansas City,1.4,6.58,23,Sporting Kansas City,16.2,6.58,23,Sporting Kansas City,3,0.9,6.9,6.58,23,Sporting Kansas City,3.4,0.1,2.1,1.3,6.58,23,Sporting Kansas City,14.7,6.3,0.6,7.7,6.58,23,Sporting Kansas City,1.4,0.3,0.8,0.3,6.58,23,Sporting Kansas City,6.6,8,14.6,6.58,23,Sporting Kansas City,15.3,8,6.58,23,Sporting Kansas City,28.2,13.3,14.9,6.58,23,Sporting Kansas City,467.9,30.1,27.7,357.7,52.4,6.58,23,Sporting Kansas City,10.1,1.9,8.2,6.58,23,Sporting Kansas City,0.1,0,0.1,0,0,0.6,0.9,6.58,23,Sporting Kansas City,14.7,10.1,0.4,3.8,0.3,6.58,23,Sporting Kansas City,1.8,0.9,0.5,0.3,NA,7.4,6.58,MLS,23,Sporting Kansas City,13.6,14.1,9.1,12.3,1.4,6.58,23,Sporting Kansas City,49,14.7,727,51.9,82.9,13.3,6.58,23,Sporting Kansas City,3.5,12.1,2.9,2.8,10.4,2.1,6.58
24,FC Cincinnati,15.2,8.2,23.4,6.48,24,FC Cincinnati,10.7,6.48,24,FC Cincinnati,11.3,10.9,6.48,24,FC Cincinnati,1.6,0.1,6.48,24,FC Cincinnati,1.9,6.48,24,FC Cincinnati,19.6,6.48,24,FC Cincinnati,3.8,1.1,6.3,6.48,24,FC Cincinnati,2.7,0.3,1.5,0.9,6.48,24,FC Cincinnati,10.6,4.4,0.6,5.6,6.48,24,FC Cincinnati,0.9,0.1,0.7,0.1,6.48,24,FC Cincinnati,6.4,8.4,14.8,6.48,24,FC Cincinnati,15.6,7.8,6.48,24,FC Cincinnati,32.4,16.3,16.1,6.48,24,FC Cincinnati,409.3,30.3,34.1,289.3,55.6,6.48,24,FC Cincinnati,8,1.8,6.2,6.48,24,FC Cincinnati,0.1,0,0.1,0,0,0.3,0.6,6.48,24,FC Cincinnati,10.6,7.4,0.2,2.8,0.1,6.48,24,FC Cincinnati,1.7,0.8,0.3,0.6,NA,5.5,6.48,MLS,24,FC Cincinnati,15.1,15.2,10.7,10.9,1.9,6.48,24,FC Cincinnati,31,10.6,564,47.6,78.1,16.3,6.48,24,FC Cincinnati,3,9.9,1.4,2.5,8.7,2.9,6.48
1,Atalanta,16.8,10.2,26.9,6.98,1,Atalanta,10.2,6.98,1,Atalanta,14,13.6,6.98,1,Atalanta,2.1,0.1,6.98,1,Atalanta,1.4,6.98,1,Atalanta,13.1,6.98,1,Atalanta,3.1,1.2,7.3,6.98,1,Atalanta,2.3,0.1,1.2,1,6.98,1,Atalanta,20.1,6.7,1.5,12,6.98,1,Atalanta,2.8,0.6,1.7,0.5,6.98,1,Atalanta,7.2,9.1,16.2,6.98,1,Atalanta,15.6,9.6,6.98,1,Atalanta,30.5,16,14.5,6.98,1,Atalanta,522.4,28.4,25.7,407.5,60.8,6.98,1,Atalanta,15,1.2,13.7,6.98,1,Atalanta,0.3,0,0.2,0,0,1.4,2,6.98,1,Atalanta,20.1,14.4,0.8,4.6,0.3,6.98,1,Atalanta,3.1,1.1,0.6,0.4,0.1,11,6.98,Serie A,1,Atalanta,11.2,16.8,10.2,13.6,1.4,6.98,1,Atalanta,70,20.1,532,55.7,83.4,16,6.98,1,Atalanta,5.4,15.2,2.7,4.2,12.9,2,6.98
2,Lazio,15,10.7,25.7,6.96,2,Lazio,10.6,6.96,2,Lazio,10.5,12,6.96,2,Lazio,2.6,0.1,6.96,2,Lazio,1.8,6.96,2,Lazio,17,6.96,2,Lazio,3.7,1.3,6.8,6.96,2,Lazio,3.1,0.1,1.4,1.6,6.96,2,Lazio,15.8,5.1,0.7,10,6.96,2,Lazio,2.3,0.2,1.9,0.2,6.96,2,Lazio,5.8,9.8,15.6,6.96,2,Lazio,13.5,7.6,6.96,2,Lazio,25.7,12.2,13.5,6.96,2,Lazio,472.9,33.7,20.5,365.6,53.1,6.96,2,Lazio,12,1.7,10.3,6.96,2,Lazio,0.2,0,0.2,0,0,1,1.4,6.96,2,Lazio,15.8,10.7,1.3,3.3,0.5,6.96,2,Lazio,2.8,1,0.7,0.2,0,8.3,6.96,Serie A,2,Lazio,13.5,15,10.6,12,1.8,6.96,2,Lazio,60,15.8,672,50.1,84.4,12.2,6.96,2,Lazio,5.1,13.9,2.6,3,10,1,6.96
3,Juventus,14.3,9.1,23.5,6.92,3,Juventus,9.9,6.92,3,Juventus,12.8,13.5,6.92,3,Juventus,2.2,0.1,6.92,3,Juventus,1.9,6.92,3,Juventus,15.7,6.92,3,Juventus,2.8,1.9,6.7,6.92,3,Juventus,3.2,0.1,1.6,1.5,6.92,3,Juventus,17.5,6.9,1,9.5,6.92,3,Juventus,1.9,0.3,1.4,0.2,6.92,3,Juventus,6.7,11.2,18,6.92,3,Juventus,14.4,7.3,6.92,3,Juventus,22,12.5,9.5,6.92,3,Juventus,577.8,29.8,18.5,477.2,52.3,6.92,3,Juventus,12.9,2.1,10.8,6.92,3,Juventus,0.2,0.1,0.1,0,0,0.9,1.2,6.92,3,Juventus,17.5,12.6,0.7,3.9,0.3,6.92,3,Juventus,2.6,0.9,0.3,0.3,0,9.8,6.92,Serie A,3,Juventus,12,14.3,9.9,13.5,1.9,6.92,3,Juventus,50,17.5,562,57.1,87.8,12.5,6.92,3,Juventus,4.3,14.3,2.9,3.3,10.8,1.2,6.92
4,Inter,14.2,11.2,25.3,6.86,4,Inter,9.8,6.86,4,Inter,11.1,15,6.86,4,Inter,2.6,0.2,6.86,4,Inter,2.6,6.86,4,Inter,17.5,6.86,4,Inter,3.3,2,6.7,6.86,4,Inter,2.5,0.1,1.3,1.2,6.86,4,Inter,16.2,6.2,1.1,8.9,6.86,4,Inter,2,0.3,1.4,0.3,6.86,4,Inter,5.2,8.5,13.6,6.86,4,Inter,12.6,7.7,6.86,4,Inter,27.8,14.8,13,6.86,4,Inter,500.2,32.5,20.1,392.4,55.2,6.86,4,Inter,11.6,1.7,9.9,6.86,4,Inter,0.4,0,0,0,0,0.9,1.3,6.86,4,Inter,16.2,11.7,0.6,3.7,0.3,6.86,4,Inter,3,1,0.2,0.3,0,8.2,6.86,Serie A,4,Inter,12.8,14.2,9.8,15,2.6,6.86,4,Inter,49,16.2,654,51.6,85,14.8,6.86,4,Inter,4.5,15.7,3.5,2.6,9.9,0.8,6.86
5,Roma,12.8,7.8,20.7,6.82,5,Roma,10.8,6.82,5,Roma,11.7,14.2,6.82,5,Roma,2.8,0.2,6.82,5,Roma,1.3,6.82,5,Roma,15.8,6.82,5,Roma,2.6,1.5,5.8,6.82,5,Roma,2.9,0,1.6,1.3,6.82,5,Roma,17.3,7.1,1.4,8.8,6.82,5,Roma,2,0.5,1,0.3,6.82,5,Roma,6.7,12.4,19,6.82,5,Roma,14,8.2,6.82,5,Roma,28.2,15.6,12.5,6.82,5,Roma,466.2,34.9,24.5,357.3,49.6,6.82,5,Roma,12.6,2.5,10.1,6.82,5,Roma,0.3,0.1,0.2,0,0,0.7,1.2,6.82,5,Roma,17.3,11,0.6,5.3,0.3,6.82,5,Roma,3.4,1.7,0.5,0.4,0,8.4,6.82,Serie A,5,Roma,11.2,12.8,10.8,14.2,1.3,6.82,5,Roma,51,17.3,736,52.9,84.1,15.6,6.82,5,Roma,5.9,15.5,3.3,3.8,11.2,2.3,6.82
6,Sassuolo,15,8.2,23.2,6.79,6,Sassuolo,9.4,6.79,6,Sassuolo,15,13.4,6.79,6,Sassuolo,2.7,0.1,6.79,6,Sassuolo,1.8,6.79,6,Sassuolo,17.3,6.79,6,Sassuolo,3.6,2.1,6.8,6.79,6,Sassuolo,3.9,0.2,2.4,1.2,6.79,6,Sassuolo,14.5,7.1,0.6,6.8,6.79,6,Sassuolo,1.6,0.2,1.3,0.2,6.79,6,Sassuolo,8,13.3,21.3,6.79,6,Sassuolo,13.9,9.5,6.79,6,Sassuolo,20.4,9.3,11.1,6.79,6,Sassuolo,530,18.6,21.1,438.8,51.6,6.79,6,Sassuolo,11.1,1.2,9.9,6.79,6,Sassuolo,0.2,0,0.1,0,0,1,1.3,6.79,6,Sassuolo,14.5,10.2,0.7,3.5,0.1,6.79,6,Sassuolo,1.5,0.7,0.5,0.2,0.1,8.9,6.79,Serie A,6,Sassuolo,14.1,15,9.4,13.4,1.8,6.79,6,Sassuolo,41,14.5,682,55.7,86.3,9.3,6.79,6,Sassuolo,2.6,13,1.8,3.7,13.6,2,6.79
7,Napoli,13.6,9.4,23,6.75,7,Napoli,8.8,6.75,7,Napoli,13.8,11.7,6.75,7,Napoli,2.2,0.1,6.75,7,Napoli,1.6,6.75,7,Napoli,11.7,6.75,7,Napoli,2.6,1,5.6,6.75,7,Napoli,2.6,0.2,1.3,1.2,6.75,7,Napoli,18.5,8,1.3,9.3,6.75,7,Napoli,1.6,0.4,0.9,0.2,6.75,7,Napoli,6.7,9.9,16.5,6.75,7,Napoli,11.7,8.1,6.75,7,Napoli,22.5,11.6,10.9,6.75,7,Napoli,591,24.9,17.5,492.6,56.1,6.75,7,Napoli,14.2,2,12.2,6.75,7,Napoli,0.3,0,0,0.2,0,0.7,1.1,6.75,7,Napoli,18.5,13.8,0.2,4.3,0.1,6.75,7,Napoli,3.6,1.1,0.5,0.5,0,9.8,6.75,Serie A,7,Napoli,11.9,13.6,8.8,11.7,1.6,6.75,7,Napoli,41,18.5,582,57.2,87.6,11.6,6.75,7,Napoli,5.5,18.5,2.7,3.4,13.1,1.1,6.75
8,AC Milan,16.1,9.9,26,6.73,8,AC Milan,11.1,6.73,8,AC Milan,12.9,14.5,6.73,8,AC Milan,2.8,0.2,6.73,8,AC Milan,1.5,6.73,8,AC Milan,16.7,6.73,8,AC Milan,2.7,1.7,5.9,6.73,8,AC Milan,3.2,0.2,1.9,1.2,6.73,8,AC Milan,15.9,7,0.8,8.2,6.73,8,AC Milan,1.1,0.2,0.7,0.2,6.73,8,AC Milan,7,11.5,18.5,6.73,8,AC Milan,17.1,10.1,6.73,8,AC Milan,31.3,15.8,15.6,6.73,8,AC Milan,484.5,29.4,24.2,376.1,54.9,6.73,8,AC Milan,12.3,1.4,10.8,6.73,8,AC Milan,0.1,0,0.1,0.1,0,0.3,0.5,6.73,8,AC Milan,15.9,12.2,0.5,3.1,0.2,6.73,8,AC Milan,2.5,0.8,0.3,0.3,0,9.4,6.73,Serie A,8,AC Milan,12.1,16.1,11.1,14.5,1.5,6.73,8,AC Milan,28,15.9,735,53.4,83.7,15.8,6.73,8,AC Milan,4.3,15.6,2.3,3.3,12.2,2.2,6.73
9,Parma Calcio 1913,17.2,11.8,29,6.72,9,Parma Calcio 1913,10.3,6.72,9,Parma Calcio 1913,11.7,14.2,6.72,9,Parma Calcio 1913,2.2,0,6.72,9,Parma Calcio 1913,1.6,6.72,9,Parma Calcio 1913,22.1,6.72,9,Parma Calcio 1913,4.8,2.2,6.2,6.72,9,Parma Calcio 1913,4.3,0.2,2.3,1.8,6.72,9,Parma Calcio 1913,12,5.4,0.6,6,6.72,9,Parma Calcio 1913,1.3,0.3,0.8,0.2,6.72,9,Parma Calcio 1913,6.6,7.9,14.5,6.72,9,Parma Calcio 1913,15.9,9.4,6.72,9,Parma Calcio 1913,29.6,16.8,12.8,6.72,9,Parma Calcio 1913,356.1,34.2,29,242,50.8,6.72,9,Parma Calcio 1913,8.6,1.4,7.2,6.72,9,Parma Calcio 1913,0.4,0.1,0.1,0,0,0.4,1,6.72,9,Parma Calcio 1913,12,7.6,1,3.4,0.1,6.72,9,Parma Calcio 1913,2,0.9,0.2,0.4,0,6.1,6.72,Serie A,9,Parma Calcio 1913,18,17.2,10.3,14.2,1.6,6.72,9,Parma Calcio 1913,32,12,560,44.2,77.6,16.8,6.72,9,Parma Calcio 1913,3.9,12.1,2.3,2.7,9.9,2,6.72
10,Verona,13.8,7,20.8,6.71,10,Verona,10,6.71,10,Verona,13.4,15.3,6.71,10,Verona,2.4,0.2,6.71,10,Verona,2.6,6.71,10,Verona,22,6.71,10,Verona,5.2,1.7,4.6,6.71,10,Verona,3.2,0.2,1.8,1.3,6.71,10,Verona,11.6,3.7,1.1,6.7,6.71,10,Verona,1.2,0.3,0.7,0.1,6.71,10,Verona,6,8.4,14.4,6.71,10,Verona,14.8,8.1,6.71,10,Verona,42.4,20.6,21.9,6.71,10,Verona,408.9,24.3,34.7,289.1,60.8,6.71,10,Verona,8.6,1.7,7,6.71,10,Verona,0.3,0.1,0,0,0,0.2,0.6,6.71,10,Verona,11.6,7.5,0.6,3.2,0.2,6.71,10,Verona,2.8,1.1,0,0.2,0,5.7,6.71,Serie A,10,Verona,16.2,13.8,10,15.3,2.6,6.71,10,Verona,29,11.6,615,49.2,76.6,20.6,6.71,10,Verona,4.5,14.1,2.1,3.2,11.4,2.8,6.71
11,Torino,15.3,9.2,24.5,6.69,11,Torino,13.1,6.69,11,Torino,14.4,16.4,6.69,11,Torino,2.4,0.3,6.69,11,Torino,2,6.69,11,Torino,22.7,6.69,11,Torino,4.7,2,7,6.69,11,Torino,4,0.2,2.2,1.5,6.69,11,Torino,10.9,4.2,0.5,6.2,6.69,11,Torino,1.1,0.1,0.8,0.2,6.69,11,Torino,7.4,12.7,20.1,6.69,11,Torino,16.1,10.8,6.69,11,Torino,38.7,19.4,19.3,6.69,11,Torino,376.2,30,29,265.2,52,6.69,11,Torino,8.4,1.2,7.2,6.69,11,Torino,0.3,0,0,0,0,0.4,0.8,6.69,11,Torino,10.9,6.8,0.4,3.6,0.2,6.69,11,Torino,2.2,0.5,0.2,0.4,0.1,5.5,6.69,Serie A,11,Torino,17.1,15.3,13.1,16.4,2,6.69,11,Torino,28,10.9,617,48.5,78.5,19.4,6.69,11,Torino,5.4,14.1,3.8,1,11.5,3.3,6.69
12,Fiorentina,15.7,11.2,26.9,6.66,12,Fiorentina,9.3,6.66,12,Fiorentina,13.3,14.6,6.66,12,Fiorentina,2.5,0.2,6.66,12,Fiorentina,1.4,6.66,12,Fiorentina,17.1,6.66,12,Fiorentina,2.6,1.9,6.3,6.66,12,Fiorentina,3.1,0.1,1.7,1.3,6.66,12,Fiorentina,14.5,5.7,0.9,7.8,6.66,12,Fiorentina,1.2,0.1,0.9,0.2,6.66,12,Fiorentina,5.7,11,16.7,6.66,12,Fiorentina,15.5,10.2,6.66,12,Fiorentina,28.3,13.7,14.5,6.66,12,Fiorentina,400.1,24.9,26.9,297,51.2,6.66,12,Fiorentina,10.8,2.2,8.7,6.66,12,Fiorentina,0.2,0.1,0,0,0,0.4,0.7,6.66,12,Fiorentina,14.5,9.5,0.5,4.3,0.3,6.66,12,Fiorentina,2.8,1,0.2,0.8,0,7.4,6.66,Serie A,12,Fiorentina,11.8,15.7,9.3,14.6,1.4,6.66,12,Fiorentina,32,14.5,664,47.6,80.5,13.7,6.66,12,Fiorentina,4.5,15.8,2,3.9,11.7,2.5,6.66
13,Cagliari,14.8,10.4,25.2,6.66,13,Cagliari,8.5,6.66,13,Cagliari,11.5,14.6,6.66,13,Cagliari,2.9,0.1,6.66,13,Cagliari,1.5,6.66,13,Cagliari,21.4,6.66,13,Cagliari,4.4,2.6,7.2,6.66,13,Cagliari,3.4,0.2,2.2,1,6.66,13,Cagliari,12,5.5,0.7,5.8,6.66,13,Cagliari,1.6,0.2,1,0.4,6.66,13,Cagliari,5.6,8.7,14.4,6.66,13,Cagliari,14.8,9.2,6.66,13,Cagliari,33.9,15,18.8,6.66,13,Cagliari,414.3,30.1,28.7,304.4,51.1,6.66,13,Cagliari,9.4,1.2,8.2,6.66,13,Cagliari,0.4,0,0.1,0,0,0.5,1,6.66,13,Cagliari,12,9.2,0.5,2.2,0.2,6.66,13,Cagliari,2.4,0.7,0.2,0.3,0.2,6.5,6.66,Serie A,13,Cagliari,15.7,14.8,8.5,14.6,1.5,6.66,13,Cagliari,41,12,733,48.2,80.7,15,6.66,13,Cagliari,4.5,16.3,1.6,2.5,10,3.4,6.66
14,Bologna,15.6,10.5,26.1,6.64,14,Bologna,10.7,6.64,14,Bologna,15,15.5,6.64,14,Bologna,3.2,0.2,6.64,14,Bologna,2.1,6.64,14,Bologna,16.8,6.64,14,Bologna,3.5,1.7,6.7,6.64,14,Bologna,2.8,0.2,1.7,1,6.64,14,Bologna,14.6,5.7,1.4,7.5,6.64,14,Bologna,1.5,0.4,0.8,0.1,6.64,14,Bologna,7.5,8.6,16.1,6.64,14,Bologna,16.2,8.9,6.64,14,Bologna,38.7,19.3,19.3,6.64,14,Bologna,439.6,24.8,26.3,332.2,56.2,6.64,14,Bologna,11,1.6,9.4,6.64,14,Bologna,0.2,0,0,0,0,0.6,0.9,6.64,14,Bologna,14.6,10.8,0.5,3.1,0.2,6.64,14,Bologna,2.4,0.8,0.3,0.4,0,8,6.64,Serie A,14,Bologna,13.3,15.6,10.7,15.5,2.1,6.64,14,Bologna,38,14.6,826,52.4,81.2,19.3,6.64,14,Bologna,4.5,15.9,2.7,3.3,13.3,2,6.64
15,Udinese,16.2,8.9,25,6.63,15,Udinese,10,6.63,15,Udinese,11.5,13.6,6.63,15,Udinese,2.1,0.1,6.63,15,Udinese,1.8,6.63,15,Udinese,20.4,6.63,15,Udinese,4,1.7,7.6,6.63,15,Udinese,3.3,0.1,2,1.2,6.63,15,Udinese,13.1,5.5,0.7,7,6.63,15,Udinese,0.8,0.1,0.6,0.1,6.63,15,Udinese,5.3,10.2,15.5,6.63,15,Udinese,14.3,9.3,6.63,15,Udinese,29.7,14,15.8,6.63,15,Udinese,396.6,25,29.1,292.7,49.8,6.63,15,Udinese,10,1.4,8.6,6.63,15,Udinese,0.2,0,0,0,0,0.3,0.5,6.63,15,Udinese,13.1,9.5,0.7,2.9,0,6.63,15,Udinese,2.4,0.5,0.3,0.3,0,7.1,6.63,Serie A,15,Udinese,15.4,16.2,10,13.6,1.8,6.63,15,Udinese,21,13.1,543,46.3,80.1,14,6.63,15,Udinese,4.7,14.8,3,2.2,9.6,2.5,6.63
16,Sampdoria,17,10.6,27.6,6.58,16,Sampdoria,10.2,6.58,16,Sampdoria,12.2,15,6.58,16,Sampdoria,2.8,0.2,6.58,16,Sampdoria,1.9,6.58,16,Sampdoria,17.3,6.58,16,Sampdoria,2.7,1.8,7.4,6.58,16,Sampdoria,2.8,0.1,1.8,0.9,6.58,16,Sampdoria,14.8,6.8,0.5,7.5,6.58,16,Sampdoria,1.1,0,0.9,0.2,6.58,16,Sampdoria,5.1,8.4,13.6,6.58,16,Sampdoria,14.4,8.4,6.58,16,Sampdoria,34,15.9,18.1,6.58,16,Sampdoria,367.8,23.3,30.4,258.8,55.3,6.58,16,Sampdoria,10.4,1.3,9.1,6.58,16,Sampdoria,0.2,0,0,0,0,0.4,0.6,6.58,16,Sampdoria,14.8,10.5,0.3,3.7,0.3,6.58,16,Sampdoria,2.6,0.8,0.2,0.3,0.2,7.2,6.58,Serie A,16,Sampdoria,12.3,17,10.2,15,1.9,6.58,16,Sampdoria,28,14.8,715,44.3,76.7,15.9,6.58,16,Sampdoria,4.8,16.7,1.9,2.9,10.7,2.9,6.58
17,Genoa,15.1,10.5,25.6,6.58,17,Genoa,10.1,6.58,17,Genoa,13.9,15.7,6.58,17,Genoa,2.8,0.3,6.58,17,Genoa,1.4,6.58,17,Genoa,20.5,6.58,17,Genoa,4,1.7,6.9,6.58,17,Genoa,3.8,0.3,1.8,1.8,6.58,17,Genoa,12,5.1,0.9,6,6.58,17,Genoa,1.2,0.2,0.8,0.2,6.58,17,Genoa,6,9.2,15.2,6.58,17,Genoa,14.6,9.5,6.58,17,Genoa,31.6,16.3,15.3,6.58,17,Genoa,433.2,25.3,27.7,327.1,53.2,6.58,17,Genoa,8.2,1.3,6.9,6.58,17,Genoa,0.2,0,0,0,0,0.5,0.8,6.58,17,Genoa,12,7.9,0.3,3.4,0.3,6.58,17,Genoa,2.3,0.5,0.1,0.2,0,5.7,6.58,Serie A,17,Genoa,16.3,15.1,10.1,15.7,1.4,6.58,17,Genoa,31,12,748,50.2,81.3,16.3,6.58,17,Genoa,4.2,15.7,2.1,2.5,11.5,2.4,6.58
18,Lecce,14.2,11.6,25.8,6.56,18,Lecce,10.2,6.56,18,Lecce,13.8,13.4,6.56,18,Lecce,2.7,0.2,6.56,18,Lecce,1.6,6.56,18,Lecce,21.3,6.56,18,Lecce,4,2,6.6,6.56,18,Lecce,4.5,0.3,2.8,1.3,6.56,18,Lecce,13.4,6,0.8,6.6,6.56,18,Lecce,1.3,0.3,0.7,0.3,6.56,18,Lecce,4.3,8,12.3,6.56,18,Lecce,13,9.1,6.56,18,Lecce,28.2,13.2,15,6.56,18,Lecce,391.5,31.2,27,282.5,50.9,6.56,18,Lecce,10,1.3,8.7,6.56,18,Lecce,0.2,0,0,0,0,0.5,0.7,6.56,18,Lecce,13.4,10,0.5,2.6,0.3,6.56,18,Lecce,2.3,0.2,0.2,0.5,0.2,7.1,6.56,Serie A,18,Lecce,19.1,14.2,10.2,13.4,1.6,6.56,18,Lecce,34,13.4,694,45.3,80.1,13.2,6.56,18,Lecce,4.6,13.3,3.6,0.8,12.5,2.2,6.56
19,SPAL 2013,15,9.3,24.3,6.54,19,SPAL 2013,9.8,6.54,19,SPAL 2013,14.3,15,6.54,19,SPAL 2013,2.8,0.1,6.54,19,SPAL 2013,1.6,6.54,19,SPAL 2013,19,6.54,19,SPAL 2013,4.3,1.2,5.7,6.54,19,SPAL 2013,4,0.1,2.5,1.5,6.54,19,SPAL 2013,13.3,5.7,0.6,7.1,6.54,19,SPAL 2013,0.8,0.1,0.6,0.1,6.54,19,SPAL 2013,4,9.5,13.6,6.54,19,SPAL 2013,13.4,10.7,6.54,19,SPAL 2013,30.5,15.3,15.2,6.54,19,SPAL 2013,392,26,28.8,288.8,48.5,6.54,19,SPAL 2013,9.5,1.4,8,6.54,19,SPAL 2013,0.1,0,0,0,0,0.3,0.4,6.54,19,SPAL 2013,13.3,9.2,0.1,3.8,0.3,6.54,19,SPAL 2013,3,1.1,0.2,0.7,0.2,5.9,6.54,Serie A,19,SPAL 2013,16.7,15,9.8,15,1.6,6.54,19,SPAL 2013,20,13.3,742,47.7,80.3,15.3,6.54,19,SPAL 2013,4.5,15.1,2.2,2.4,11.8,2.7,6.54
20,Brescia,14.2,8.5,22.7,6.5,20,Brescia,9.3,6.5,20,Brescia,15.8,13.2,6.5,20,Brescia,2.4,0.2,6.5,20,Brescia,2.3,6.5,20,Brescia,23.5,6.5,20,Brescia,5,2.3,6,6.5,20,Brescia,3.9,0.2,2.3,1.3,6.5,20,Brescia,10.7,4.3,0.9,5.4,6.5,20,Brescia,0.8,0.3,0.4,0.2,6.5,20,Brescia,4.3,7.6,12,6.5,20,Brescia,15,8.9,6.5,20,Brescia,31,15.3,15.7,6.5,20,Brescia,334.5,21,28.3,227.5,57.7,6.5,20,Brescia,7,1.5,5.5,6.5,20,Brescia,0.2,0.1,0,0,0,0.3,0.5,6.5,20,Brescia,10.7,6.6,0.4,3.5,0.1,6.5,20,Brescia,2.2,0.9,0.2,0.6,0.1,4.2,6.5,Serie A,20,Brescia,18.3,14.2,9.3,13.2,2.3,6.5,20,Brescia,22,10.7,626,42.3,74.3,15.3,6.5,20,Brescia,4.1,11.9,2.4,1.7,11.7,4.2,6.5
1,Bayern Munich,14.8,8.5,23.3,7.17,1,Bayern Munich,9.5,7.17,1,Bayern Munich,10.8,9,7.17,1,Bayern Munich,1.7,0.1,7.17,1,Bayern Munich,2.2,7.17,1,Bayern Munich,9.9,7.17,1,Bayern Munich,2.3,1.4,5.8,7.17,1,Bayern Munich,2.4,0.2,1.3,0.9,7.17,1,Bayern Munich,18.8,5.8,1.8,11.2,7.17,1,Bayern Munich,2.9,0.4,2.1,0.4,7.17,1,Bayern Munich,8.3,15.4,23.7,7.17,1,Bayern Munich,15.2,9.2,7.17,1,Bayern Munich,26.1,14,12.2,7.17,1,Bayern Munich,673.4,39.6,20.4,549.4,64,7.17,1,Bayern Munich,14.7,2.1,12.6,7.17,1,Bayern Munich,0.6,0.2,0.4,0,0,1.3,2.3,7.17,1,Bayern Munich,18.8,14.3,0.4,3.9,0.2,7.17,1,Bayern Munich,4.3,1.3,0.8,0.4,0,9.2,7.17,Bundesliga,1,Bayern Munich,9.1,14.8,9.5,9,2.2,7.17,1,Bayern Munich,73,18.8,432,63.2,87.5,14,7.17,1,Bayern Munich,7,19.2,3.2,4.2,11.8,0.6,7.17
2,Borussia Dortmund,15.3,8.2,23.5,7,2,Borussia Dortmund,10.7,7,2,Borussia Dortmund,9.8,8.8,7,2,Borussia Dortmund,1,0,7,2,Borussia Dortmund,1.7,7,2,Borussia Dortmund,12.8,7,2,Borussia Dortmund,2.4,1.1,7.8,7,2,Borussia Dortmund,1.7,0.2,0.9,0.6,7,2,Borussia Dortmund,13.8,4.4,0.9,8.5,7,2,Borussia Dortmund,2.7,0.6,2,0.2,7,2,Borussia Dortmund,9.4,13.8,23.2,7,2,Borussia Dortmund,14.4,10.1,7,2,Borussia Dortmund,22.5,11.6,11,7,2,Borussia Dortmund,659.3,30.9,24.1,540,64.3,7,2,Borussia Dortmund,11.2,1.4,9.8,7,2,Borussia Dortmund,0.4,0.1,0.3,0,0,1.6,2.4,7,2,Borussia Dortmund,13.8,9.8,0.8,3.1,0.1,7,2,Borussia Dortmund,2.3,1.2,0.6,0.3,0,8.1,7,Bundesliga,2,Borussia Dortmund,10.5,15.3,10.7,8.8,1.7,7,2,Borussia Dortmund,68,13.8,251,58.5,86.6,11.6,7,2,Borussia Dortmund,3.6,12.3,3.2,3,10.3,1.4,7
3,RasenBallsport Leipzig,18.8,11.5,30.3,7,3,RasenBallsport Leipzig,11.1,7,3,RasenBallsport Leipzig,10.6,10.9,7,3,RasenBallsport Leipzig,1.4,0,7,3,RasenBallsport Leipzig,2.6,7,3,RasenBallsport Leipzig,16.4,7,3,RasenBallsport Leipzig,2.7,1.6,9.6,7,3,RasenBallsport Leipzig,2.6,0.2,1.7,0.7,7,3,RasenBallsport Leipzig,16.3,5.4,1.3,9.6,7,3,RasenBallsport Leipzig,2.5,0.6,1.4,0.5,7,3,RasenBallsport Leipzig,7.1,12.1,19.2,7,3,RasenBallsport Leipzig,17,8.8,7,3,RasenBallsport Leipzig,29.6,15.4,14.2,7,3,RasenBallsport Leipzig,534.4,25.6,25.6,412.6,70.5,7,3,RasenBallsport Leipzig,12.6,2.1,10.5,7,3,RasenBallsport Leipzig,0.4,0.2,0.1,0,0,1.1,1.6,7,3,RasenBallsport Leipzig,16.3,11.1,0.8,4.2,0.2,7,3,RasenBallsport Leipzig,3.4,1.5,0.4,0.4,0,8.7,7,Bundesliga,3,RasenBallsport Leipzig,10.2,18.8,11.1,10.9,2.6,7,3,RasenBallsport Leipzig,62,16.3,361,53.2,82,15.4,7,3,RasenBallsport Leipzig,5.3,13.7,2.7,2.9,11.2,1.3,7
4,Borussia M.Gladbach,16.7,10.9,27.6,6.9,4,Borussia M.Gladbach,12.4,6.9,4,Borussia M.Gladbach,12.8,12.6,6.9,4,Borussia M.Gladbach,2.3,0.1,6.9,4,Borussia M.Gladbach,2.7,6.9,4,Borussia M.Gladbach,16.8,6.9,4,Borussia M.Gladbach,3.5,1.5,8.6,6.9,4,Borussia M.Gladbach,3.6,0,2.5,1,6.9,4,Borussia M.Gladbach,13.7,4,1.2,8.5,6.9,4,Borussia M.Gladbach,2,0.4,1.4,0.1,6.9,4,Borussia M.Gladbach,8,12.6,20.5,6.9,4,Borussia M.Gladbach,14.4,9.5,6.9,4,Borussia M.Gladbach,35.2,17.4,17.7,6.9,4,Borussia M.Gladbach,465.6,26.5,26,350,63.1,6.9,4,Borussia M.Gladbach,10.2,1.8,8.4,6.9,4,Borussia M.Gladbach,0.4,0,0.1,0.2,0,1,1.6,6.9,4,Borussia M.Gladbach,13.7,9.2,0.6,3.7,0.2,6.9,4,Borussia M.Gladbach,2.5,0.7,0.6,0.9,0,6.6,6.9,Bundesliga,4,Borussia M.Gladbach,14.5,16.7,12.4,12.6,2.7,6.9,4,Borussia M.Gladbach,49,13.7,582,51.5,80.9,17.4,6.9,4,Borussia M.Gladbach,4,13.4,1.9,3.4,10.9,1.5,6.9
5,Bayer Leverkusen,17.2,9.4,26.6,6.89,5,Bayer Leverkusen,10.4,6.89,5,Bayer Leverkusen,10.4,11.3,6.89,5,Bayer Leverkusen,1.5,0.2,6.89,5,Bayer Leverkusen,2.8,6.89,5,Bayer Leverkusen,13.8,6.89,5,Bayer Leverkusen,1.9,0.9,9,6.89,5,Bayer Leverkusen,3,0.2,1.8,1,6.89,5,Bayer Leverkusen,15.5,5.2,1.3,9,6.89,5,Bayer Leverkusen,1.8,0.5,1,0.2,6.89,5,Bayer Leverkusen,7.5,13.4,20.9,6.89,5,Bayer Leverkusen,17.4,11.3,6.89,5,Bayer Leverkusen,31,16.2,14.8,6.89,5,Bayer Leverkusen,617.8,32.7,29.6,491,64.5,6.89,5,Bayer Leverkusen,12.4,2.2,10.2,6.89,5,Bayer Leverkusen,0.4,0.1,0.2,0,0,0.8,1.5,6.89,5,Bayer Leverkusen,15.5,10.4,1.1,4,0,6.89,5,Bayer Leverkusen,3.2,1.4,0.5,0.3,0.2,8.2,6.89,Bundesliga,5,Bayer Leverkusen,11,17.2,10.4,11.3,2.8,6.89,5,Bayer Leverkusen,45,15.5,386,59.9,84.8,16.2,6.89,5,Bayer Leverkusen,4.8,16.1,2.4,3.5,11,1.8,6.89
6,Wolfsburg,17.6,10.8,28.4,6.76,6,Wolfsburg,11.2,6.76,6,Wolfsburg,12,14.3,6.76,6,Wolfsburg,1.7,0.1,6.76,6,Wolfsburg,2.4,6.76,6,Wolfsburg,18.8,6.76,6,Wolfsburg,2.6,1.9,8.4,6.76,6,Wolfsburg,3.3,0.2,2.2,0.9,6.76,6,Wolfsburg,13.9,5.5,0.6,7.8,6.76,6,Wolfsburg,1.4,0.3,0.8,0.3,6.76,6,Wolfsburg,7.8,10.5,18.3,6.76,6,Wolfsburg,16,11.1,6.76,6,Wolfsburg,39.1,19.6,19.4,6.76,6,Wolfsburg,417.2,30.9,35.4,284.1,66.8,6.76,6,Wolfsburg,10.7,2.3,8.4,6.76,6,Wolfsburg,0.2,0,0.1,0,0,0.7,1,6.76,6,Wolfsburg,13.9,8.6,0.6,4.5,0.1,6.76,6,Wolfsburg,3,1.2,0.4,0.7,0.1,6.8,6.76,Bundesliga,6,Wolfsburg,11.6,17.6,11.2,14.3,2.4,6.76,6,Wolfsburg,34,13.9,422,49.1,75.5,19.6,6.76,6,Wolfsburg,4.7,15.4,2.4,3,8.6,2.9,6.76
7,Eintracht Frankfurt,17.8,11.5,29.2,6.76,7,Eintracht Frankfurt,11,6.76,7,Eintracht Frankfurt,10.6,12,6.76,7,Eintracht Frankfurt,1.8,0.1,6.76,7,Eintracht Frankfurt,1.9,6.76,7,Eintracht Frankfurt,15.3,6.76,7,Eintracht Frankfurt,3.1,1.7,8.6,6.76,7,Eintracht Frankfurt,3.6,0,2.1,1.5,6.76,7,Eintracht Frankfurt,15,4.8,1.5,8.7,6.76,7,Eintracht Frankfurt,1.6,0.6,0.9,0,6.76,7,Eintracht Frankfurt,6,9.7,15.7,6.76,7,Eintracht Frankfurt,15.8,8.6,6.76,7,Eintracht Frankfurt,39.8,19.9,19.8,6.76,7,Eintracht Frankfurt,407.1,31.1,34.8,274.2,67.1,6.76,7,Eintracht Frankfurt,11.3,2.6,8.6,6.76,7,Eintracht Frankfurt,0.6,0.2,0,0,0,0.6,1.2,6.76,7,Eintracht Frankfurt,15,10,0.5,4.5,0,6.76,7,Eintracht Frankfurt,4.3,1.3,0.2,0.5,0,6.5,6.76,Bundesliga,7,Eintracht Frankfurt,13,17.8,11,12,1.9,6.76,7,Eintracht Frankfurt,38,15,433,48.6,75,19.9,6.76,7,Eintracht Frankfurt,7,19.5,2.5,4,9.4,2.1,6.76
8,FC Koln,18.4,11.5,29.9,6.72,8,FC Koln,13.6,6.72,8,FC Koln,12.5,13.8,6.72,8,FC Koln,2.4,0.1,6.72,8,FC Koln,2.3,6.72,8,FC Koln,20.1,6.72,8,FC Koln,3.2,1.6,8.6,6.72,8,FC Koln,2.5,0,1.2,1.4,6.72,8,FC Koln,13,4.4,1.2,7.4,6.72,8,FC Koln,1.6,0.4,0.9,0.2,6.72,8,FC Koln,5.7,8.2,13.9,6.72,8,FC Koln,16,9,6.72,8,FC Koln,39.9,20.4,19.4,6.72,8,FC Koln,387.6,32.6,32.5,262.1,60.4,6.72,8,FC Koln,9.8,1.4,8.4,6.72,8,FC Koln,0.4,0.1,0.2,0.1,0,0.6,1.2,6.72,8,FC Koln,13,8.2,0.7,4.1,0,6.72,8,FC Koln,3,0.8,0.4,0.6,0.1,6.2,6.72,Bundesliga,8,FC Koln,13.7,18.4,13.6,13.8,2.3,6.72,8,FC Koln,39,13,593,46.8,76,20.4,6.72,8,FC Koln,5.2,15,1.9,3.3,10.3,2,6.72
9,Schalke 04,17,11.4,28.4,6.71,9,Schalke 04,11.7,6.71,9,Schalke 04,11.1,11.4,6.71,9,Schalke 04,1.7,0,6.71,9,Schalke 04,2.4,6.71,9,Schalke 04,18.4,6.71,9,Schalke 04,3.6,1,10.4,6.71,9,Schalke 04,3.6,0.1,2.2,1.3,6.71,9,Schalke 04,11.7,4.6,0.5,6.6,6.71,9,Schalke 04,1.3,0.2,0.8,0.2,6.71,9,Schalke 04,7.9,11.9,19.8,6.71,9,Schalke 04,18.8,12.4,6.71,9,Schalke 04,37.2,19,18.2,6.71,9,Schalke 04,434.8,28.2,34.4,312,60.2,6.71,9,Schalke 04,8.5,1.6,6.9,6.71,9,Schalke 04,0.1,0,0,0,0,0.7,0.8,6.71,9,Schalke 04,11.7,7.7,0.6,3.4,0,6.71,9,Schalke 04,2.2,1,0.3,0.6,0,5.8,6.71,Bundesliga,9,Schalke 04,14.4,17,11.7,11.4,2.4,6.71,9,Schalke 04,33,11.7,421,50.8,78.2,19,6.71,9,Schalke 04,3.5,9.9,2.4,2.7,8.8,2.7,6.71
10,Union Berlin,16.3,10.4,26.7,6.7,10,Union Berlin,13,6.7,10,Union Berlin,10.5,15.6,6.7,10,Union Berlin,2,0.2,6.7,10,Union Berlin,1.9,6.7,10,Union Berlin,21.7,6.7,10,Union Berlin,3.4,1.8,8.4,6.7,10,Union Berlin,3.5,0.3,2.1,1.2,6.7,10,Union Berlin,12.6,4.7,1,6.8,6.7,10,Union Berlin,1.3,0.2,0.8,0.2,6.7,10,Union Berlin,5.6,7.9,13.5,6.7,10,Union Berlin,15.3,7.9,6.7,10,Union Berlin,53.4,28.2,25.2,6.7,10,Union Berlin,357.3,30.5,40.7,219.3,66.8,6.7,10,Union Berlin,8.7,1.8,7,6.7,10,Union Berlin,0.3,0.2,0,0.1,0,0.5,0.8,6.7,10,Union Berlin,12.6,7.4,0.5,4.4,0.2,6.7,10,Union Berlin,2.8,1,0.1,0.7,0,5.4,6.7,Bundesliga,10,Union Berlin,14.8,16.3,13,15.6,1.9,6.7,10,Union Berlin,32,12.6,514,44,69.9,28.2,6.7,10,Union Berlin,5.1,13.3,1.6,2,7.2,3.6,6.7
11,Freiburg,13.6,9.8,23.5,6.69,11,Freiburg,9.8,6.69,11,Freiburg,12.9,9.6,6.69,11,Freiburg,1.3,0.1,6.69,11,Freiburg,1.4,6.69,11,Freiburg,21.9,6.69,11,Freiburg,4.7,2,7.5,6.69,11,Freiburg,4,0.1,2.4,1.6,6.69,11,Freiburg,13.4,4.6,1.3,7.5,6.69,11,Freiburg,1.4,0.3,0.7,0.2,6.69,11,Freiburg,5.8,7.4,13.2,6.69,11,Freiburg,15.2,8.3,6.69,11,Freiburg,40.9,19.6,21.3,6.69,11,Freiburg,421,30,35.5,299,56.5,6.69,11,Freiburg,9.7,2,7.7,6.69,11,Freiburg,0.2,0.1,0.1,0.1,0,0.4,0.8,6.69,11,Freiburg,13.4,8.6,0.2,4.4,0.2,6.69,11,Freiburg,3.4,1.1,0.6,0.6,0.1,5.4,6.69,Bundesliga,11,Freiburg,17.5,13.6,9.8,9.6,1.4,6.69,11,Freiburg,34,13.4,332,49.1,78.1,19.6,6.69,11,Freiburg,5.3,14.2,1.9,2.7,9.4,2.2,6.69
12,Hoffenheim,16.2,10.5,26.7,6.69,12,Hoffenheim,9.5,6.69,12,Hoffenheim,12,11,6.69,12,Hoffenheim,1.9,0,6.69,12,Hoffenheim,1.9,6.69,12,Hoffenheim,19.5,6.69,12,Hoffenheim,3.4,1.6,7.3,6.69,12,Hoffenheim,3.5,0.1,2.4,1,6.69,12,Hoffenheim,12.6,4.2,1,7.5,6.69,12,Hoffenheim,1.4,0.2,0.9,0.2,6.69,12,Hoffenheim,5.9,8.8,14.8,6.69,12,Hoffenheim,14,10.6,6.69,12,Hoffenheim,33.8,17.3,16.4,6.69,12,Hoffenheim,490,26.8,30.8,374.2,58.2,6.69,12,Hoffenheim,9.7,2.7,7,6.69,12,Hoffenheim,0.4,0.2,0.1,0,0,0.5,1,6.69,12,Hoffenheim,12.6,7.7,0.6,4.3,0.1,6.69,12,Hoffenheim,3.5,1.4,0.3,0.6,0,5.7,6.69,Bundesliga,12,Hoffenheim,14.9,16.2,9.5,11,1.9,6.69,12,Hoffenheim,35,12.6,470,52,81.8,17.3,6.69,12,Hoffenheim,5.4,11.8,2.4,2.6,11.3,1.6,6.69
13,Hertha Berlin,16.6,9.2,25.8,6.67,13,Hertha Berlin,12,6.67,13,Hertha Berlin,11,13.1,6.67,13,Hertha Berlin,2,0.1,6.67,13,Hertha Berlin,1.3,6.67,13,Hertha Berlin,22.2,6.67,13,Hertha Berlin,3.4,1.8,7.9,6.67,13,Hertha Berlin,3.7,0.2,2.1,1.4,6.67,13,Hertha Berlin,10.8,3.9,0.6,6.2,6.67,13,Hertha Berlin,1.3,0.1,0.9,0.2,6.67,13,Hertha Berlin,5.3,10.8,16.1,6.67,13,Hertha Berlin,16.2,10.6,6.67,13,Hertha Berlin,36.3,19.7,16.6,6.67,13,Hertha Berlin,398.6,33.4,33.6,272.8,58.7,6.67,13,Hertha Berlin,8,1.5,6.6,6.67,13,Hertha Berlin,0.3,0.1,0,0,0,0.6,1,6.67,13,Hertha Berlin,10.8,7,0.6,3.1,0,6.67,13,Hertha Berlin,2.6,0.8,0.1,0.6,0,5.2,6.67,Bundesliga,13,Hertha Berlin,14.1,16.6,12,13.1,1.3,6.67,13,Hertha Berlin,32,10.8,513,46.8,76.8,19.7,6.67,13,Hertha Berlin,4.2,11.5,1.6,2,9.7,2.6,6.67
14,Mainz 05,18.3,9.7,28,6.63,14,Mainz 05,10.9,6.63,14,Mainz 05,10.8,13.6,6.63,14,Mainz 05,2,0.1,6.63,14,Mainz 05,2,6.63,14,Mainz 05,21.1,6.63,14,Mainz 05,3.1,1.7,9,6.63,14,Mainz 05,3.6,0.2,1.8,1.6,6.63,14,Mainz 05,13.6,6,0.7,6.9,6.63,14,Mainz 05,1.4,0.2,0.9,0.1,6.63,14,Mainz 05,6.4,10.6,17,6.63,14,Mainz 05,18.4,10,6.63,14,Mainz 05,36,17,19.1,6.63,14,Mainz 05,359,24.7,33.6,242.9,57.8,6.63,14,Mainz 05,10.1,1.6,8.4,6.63,14,Mainz 05,0.2,0.1,0.2,0,0,0.7,1,6.63,14,Mainz 05,13.6,8.9,0.6,4.1,0.1,6.63,14,Mainz 05,2.8,1,0.4,0.6,0.1,6.6,6.63,Bundesliga,14,Mainz 05,15.2,18.3,10.9,13.6,2,6.63,14,Mainz 05,34,13.6,493,44.5,74.5,17,6.63,14,Mainz 05,4.4,13.3,1.7,3.1,8.3,2,6.63
15,Paderborn,20.4,13.5,33.9,6.57,15,Paderborn,10.6,6.57,15,Paderborn,10.2,12.6,6.57,15,Paderborn,2.3,0.1,6.57,15,Paderborn,2,6.57,15,Paderborn,22.4,6.57,15,Paderborn,3.4,2.1,9.6,6.57,15,Paderborn,3.2,0.2,2.2,0.7,6.57,15,Paderborn,12.6,5.6,0.7,6.2,6.57,15,Paderborn,1.2,0.3,0.6,0.2,6.57,15,Paderborn,9.6,12.3,21.9,6.57,15,Paderborn,19.2,10.9,6.57,15,Paderborn,32.2,14.6,17.6,6.57,15,Paderborn,394.2,26,29.3,278.4,60.4,6.57,15,Paderborn,9,2.2,6.8,6.57,15,Paderborn,0.2,0,0,0,0,0.6,0.9,6.57,15,Paderborn,12.6,8,0.7,3.7,0.1,6.57,15,Paderborn,1.7,0.6,0.2,0.4,0.2,6.8,6.57,Bundesliga,15,Paderborn,14.7,20.4,10.6,12.6,2,6.57,15,Paderborn,30,12.6,582,47,77.2,14.6,6.57,15,Paderborn,3.3,12.7,1.7,3.7,8.5,1.9,6.57
16,Augsburg,15,10.3,25.3,6.56,16,Augsburg,13.4,6.56,16,Augsburg,10.6,11.4,6.56,16,Augsburg,1.8,0.1,6.56,16,Augsburg,2.6,6.56,16,Augsburg,22.1,6.56,16,Augsburg,3.4,1.6,7,6.56,16,Augsburg,3,0.2,1.6,1.2,6.56,16,Augsburg,10.9,4.5,0.7,5.7,6.56,16,Augsburg,1.4,0.3,0.8,0.3,6.56,16,Augsburg,6.4,6.6,13,6.56,16,Augsburg,14.7,8.5,6.56,16,Augsburg,32.6,15.2,17.3,6.56,16,Augsburg,308,22,38.6,191.9,55.5,6.56,16,Augsburg,8,1.6,6.3,6.56,16,Augsburg,0.2,0,0.1,0,0,0.6,1,6.56,16,Augsburg,10.9,7.4,0.4,3,0.2,6.56,16,Augsburg,1.9,0.8,0.3,0.4,0.1,5.5,6.56,Bundesliga,16,Augsburg,14.3,15,13.4,11.4,2.6,6.56,16,Augsburg,36,10.9,462,40.1,69.5,15.2,6.56,16,Augsburg,3.6,10.4,1.8,1.8,7.6,3.4,6.56
17,Fortuna Duesseldorf,14.8,10.6,25.4,6.54,17,Fortuna Duesseldorf,10.7,6.54,17,Fortuna Duesseldorf,12.6,12.4,6.54,17,Fortuna Duesseldorf,2.5,0,6.54,17,Fortuna Duesseldorf,1.8,6.54,17,Fortuna Duesseldorf,17.2,6.54,17,Fortuna Duesseldorf,3.3,2,7,6.54,17,Fortuna Duesseldorf,3.7,0.2,2.3,1.2,6.54,17,Fortuna Duesseldorf,12.4,6,0.5,5.9,6.54,17,Fortuna Duesseldorf,1.1,0.2,0.8,0.1,6.54,17,Fortuna Duesseldorf,6.2,8.2,14.5,6.54,17,Fortuna Duesseldorf,14.4,7.7,6.54,17,Fortuna Duesseldorf,36.3,16.9,19.4,6.54,17,Fortuna Duesseldorf,381.1,34.3,32.6,258.2,55.9,6.54,17,Fortuna Duesseldorf,8.6,2.2,6.4,6.54,17,Fortuna Duesseldorf,0.3,0.1,0.1,0,0,0.4,0.8,6.54,17,Fortuna Duesseldorf,12.4,8.2,0.4,3.7,0.1,6.54,17,Fortuna Duesseldorf,2.6,0.8,0.2,0.6,0.2,5.4,6.54,Bundesliga,17,Fortuna Duesseldorf,14.7,14.8,10.7,12.4,1.8,6.54,17,Fortuna Duesseldorf,27,12.4,630,45.7,76.8,16.9,6.54,17,Fortuna Duesseldorf,4.7,15,1.4,2.8,10,2.7,6.54
18,Werder Bremen,15.5,10.2,25.7,6.51,18,Werder Bremen,12.1,6.51,18,Werder Bremen,13,12.6,6.51,18,Werder Bremen,2.1,0.1,6.51,18,Werder Bremen,1.5,6.51,18,Werder Bremen,21,6.51,18,Werder Bremen,3.6,2.4,6.9,6.51,18,Werder Bremen,3.1,0.1,1.7,1.3,6.51,18,Werder Bremen,12.9,5.2,0.6,7.1,6.51,18,Werder Bremen,1.1,0.2,0.6,0.2,6.51,18,Werder Bremen,5.9,7.7,13.6,6.51,18,Werder Bremen,16.8,10.7,6.51,18,Werder Bremen,36.7,17.2,19.5,6.51,18,Werder Bremen,448.7,26.5,30.3,327.1,64.8,6.51,18,Werder Bremen,9.6,1.8,7.9,6.51,18,Werder Bremen,0.3,0.1,0.1,0,0,0.4,0.8,6.51,18,Werder Bremen,12.9,9.2,0.4,3.2,0.2,6.51,18,Werder Bremen,2.6,1,0.1,0.5,0,6.7,6.51,Bundesliga,18,Werder Bremen,15.2,15.5,12.1,12.6,1.5,6.51,18,Werder Bremen,27,12.9,503,49.1,78.8,17.2,6.51,18,Werder Bremen,4.1,13.8,1.9,2.8,10.8,3,6.51
1,Real Madrid,16,10.6,26.6,6.99,1,Real Madrid,10.7,6.99,1,Real Madrid,11.9,12.9,6.99,1,Real Madrid,2,0.1,6.99,1,Real Madrid,2.1,6.99,1,Real Madrid,14.2,6.99,1,Real Madrid,2,1.9,7.2,6.99,1,Real Madrid,1.9,0.1,1.3,0.4,6.99,1,Real Madrid,16.1,6.4,1.3,8.4,6.99,1,Real Madrid,1.8,0.3,1.3,0.2,6.99,1,Real Madrid,7.4,12.5,19.9,6.99,1,Real Madrid,14.4,8.3,6.99,1,Real Madrid,27.3,15.9,11.4,6.99,1,Real Madrid,562.6,40.3,22.2,446.5,53.6,6.99,1,Real Madrid,12.6,2.3,10.3,6.99,1,Real Madrid,0.3,0,0,0.1,0,1,1.4,6.99,1,Real Madrid,16.1,11.5,0.4,4,0.2,6.99,1,Real Madrid,3.2,0.9,0.5,0.4,0.1,8.6,6.99,La Liga,1,Real Madrid,8.6,16,10.7,12.9,2.1,6.99,19,Real Madrid,49,16.1,544,56.4,86.5,15.9,6.99,1,Real Madrid,5.1,18,2.9,2.6,10.7,1.9,6.99
2,Barcelona,14.7,7.5,22.2,6.94,2,Barcelona,9.1,6.94,2,Barcelona,13.6,11.2,6.94,2,Barcelona,2.3,0.2,6.94,2,Barcelona,2.4,6.94,2,Barcelona,13.4,6.94,2,Barcelona,2.3,1.2,5.7,6.94,2,Barcelona,2.1,0.1,1,0.9,6.94,2,Barcelona,12.7,4.2,0.7,7.8,6.94,2,Barcelona,2.3,0.2,1.7,0.4,6.94,2,Barcelona,6.9,14,20.9,6.94,2,Barcelona,12.7,9.4,6.94,2,Barcelona,21.9,11.8,10,6.94,2,Barcelona,684.3,30.1,17,574.5,62.7,6.94,2,Barcelona,10,0.9,9.1,6.94,2,Barcelona,0.1,0,0.4,0.1,0,1.1,1.7,6.94,2,Barcelona,12.7,9.8,0.5,2.3,0.1,6.94,2,Barcelona,1.1,0.5,0.9,0.3,0,7.8,6.94,La Liga,2,Barcelona,9.9,14.7,9.1,11.2,2.4,6.94,20,Barcelona,63,12.7,625,62.1,88.4,11.8,6.94,2,Barcelona,2.4,8.2,2.5,2.1,13.7,1.1,6.94
3,Sevilla,16,10.3,26.3,6.79,3,Sevilla,8.9,6.79,3,Sevilla,12.3,14.3,6.79,3,Sevilla,2.7,0,6.79,3,Sevilla,2.6,6.79,3,Sevilla,18.1,6.79,3,Sevilla,2.1,1.4,6.5,6.79,3,Sevilla,1.9,0.1,0.9,0.9,6.79,3,Sevilla,13.1,3.8,1.1,8.2,6.79,3,Sevilla,1.4,0.4,0.9,0.1,6.79,3,Sevilla,7.1,11.2,18.4,6.79,3,Sevilla,14.5,9.3,6.79,3,Sevilla,40,20.4,19.7,6.79,3,Sevilla,508.7,39.4,31.1,378.7,59.5,6.79,3,Sevilla,9.6,2.4,7.2,6.79,3,Sevilla,0.2,0.1,0.1,0.1,0,0.6,1,6.79,3,Sevilla,13.1,8.4,0.6,4,0.1,6.79,3,Sevilla,3.6,1.1,0.4,0.3,0,5.4,6.79,La Liga,3,Sevilla,9.8,16,8.9,14.3,2.6,6.79,1,Sevilla,39,13.1,741,55.7,82.2,20.4,6.79,3,Sevilla,6.3,18,3.1,3,10.9,2.6,6.79
4,Atletico Madrid,16.9,9.3,26.1,6.77,4,Atletico Madrid,10.9,6.77,4,Atletico Madrid,13.2,13.9,6.77,4,Atletico Madrid,2.3,0.1,6.77,4,Atletico Madrid,3,6.77,4,Atletico Madrid,18.3,6.77,4,Atletico Madrid,2.9,1.7,7.4,6.77,4,Atletico Madrid,2.2,0.2,0.8,1.3,6.77,4,Atletico Madrid,12.1,4.1,1,7.1,6.77,4,Atletico Madrid,1.1,0.2,0.8,0.1,6.77,4,Atletico Madrid,5.5,9.5,15,6.77,4,Atletico Madrid,15.1,9.5,6.77,4,Atletico Madrid,43,23.1,19.8,6.77,4,Atletico Madrid,412.4,25.2,32.5,297.4,57.2,6.77,4,Atletico Madrid,8.9,1.8,7.1,6.77,4,Atletico Madrid,0.2,0,0.2,0,0,0.4,0.9,6.77,4,Atletico Madrid,12.1,7.9,0.4,3.6,0.1,6.77,4,Atletico Madrid,2.7,1.1,0.6,0.6,0.1,5.2,6.77,La Liga,4,Atletico Madrid,10.7,16.9,10.9,13.9,3,6.77,2,Atletico Madrid,31,12.1,632,48.6,78.2,23.1,6.77,4,Atletico Madrid,3.6,13,2.2,3.1,8.8,3.6,6.77
5,Villarreal,15.3,9.7,25,6.76,5,Villarreal,8.5,6.76,5,Villarreal,11,12.6,6.76,5,Villarreal,2.3,0,6.76,5,Villarreal,1.9,6.76,5,Villarreal,21.1,6.76,5,Villarreal,3.4,1.4,6,6.76,5,Villarreal,3,0.1,1.6,1.3,6.76,5,Villarreal,14.1,5.3,0.9,7.9,6.76,5,Villarreal,1.6,0.3,1.1,0.2,6.76,5,Villarreal,7,12,19.1,6.76,5,Villarreal,15.2,8.1,6.76,5,Villarreal,33.3,15.9,17.5,6.76,5,Villarreal,475.2,36.1,29.4,354.2,55.4,6.76,5,Villarreal,10.8,1.9,8.9,6.76,5,Villarreal,0.1,0,0.1,0,0,0.9,1,6.76,5,Villarreal,14.1,10.3,0.7,2.8,0.3,6.76,5,Villarreal,2.3,0.7,0.6,0.1,0.1,7.7,6.76,La Liga,5,Villarreal,13.6,15.3,8.5,12.6,1.9,6.76,3,Villarreal,44,14.1,610,53,82.1,15.9,6.76,5,Villarreal,3.8,14.4,2.2,2.1,10,2.2,6.76
6,Real Sociedad,14.3,8.9,23.2,6.75,6,Real Sociedad,8.1,6.75,6,Real Sociedad,12,13.7,6.75,6,Real Sociedad,1.9,0,6.75,6,Real Sociedad,2,6.75,6,Real Sociedad,18.5,6.75,6,Real Sociedad,2.5,1.5,7.1,6.75,6,Real Sociedad,2.7,0.1,1.6,1,6.75,6,Real Sociedad,11.6,3.8,1.1,6.7,6.75,6,Real Sociedad,1.7,0.2,1.3,0.2,6.75,6,Real Sociedad,6.1,9.6,15.7,6.75,6,Real Sociedad,15,9.4,6.75,6,Real Sociedad,41,21.9,19.1,6.75,6,Real Sociedad,479.6,25.9,27.5,362.8,63.4,6.75,6,Real Sociedad,8.7,1,7.7,6.75,6,Real Sociedad,0.3,0,0.1,0,0,0.7,1.1,6.75,6,Real Sociedad,11.6,7.9,0.7,2.8,0.2,6.75,6,Real Sociedad,2.1,0.7,0.4,0.5,0,5.8,6.75,La Liga,6,Real Sociedad,11.3,14.3,8.1,13.7,2,6.75,4,Real Sociedad,45,11.6,511,54.5,81,21.9,6.75,6,Real Sociedad,4.4,13.9,2.3,2.4,11,3,6.75
7,Athletic Bilbao,14.5,10.3,24.7,6.72,7,Athletic Bilbao,9.5,6.72,7,Athletic Bilbao,12.3,13.8,6.72,7,Athletic Bilbao,2.5,0,6.72,7,Athletic Bilbao,2.6,6.72,7,Athletic Bilbao,19.1,6.72,7,Athletic Bilbao,2,1.9,6.4,6.72,7,Athletic Bilbao,2.4,0.2,1.4,0.9,6.72,7,Athletic Bilbao,11.1,4.3,0.7,6.1,6.72,7,Athletic Bilbao,1.1,0.1,0.7,0.2,6.72,7,Athletic Bilbao,7.1,8.7,15.9,6.72,7,Athletic Bilbao,14.7,8.6,6.72,7,Athletic Bilbao,44.1,25.7,18.4,6.72,7,Athletic Bilbao,392.6,34.9,37,263.4,57.3,6.72,7,Athletic Bilbao,7.8,2,5.8,6.72,7,Athletic Bilbao,0.2,0,0,0.1,0,0.3,0.6,6.72,7,Athletic Bilbao,11.1,6.6,0.4,3.8,0.3,6.72,7,Athletic Bilbao,2.8,1.1,0.1,0.7,0,4.6,6.72,La Liga,7,Athletic Bilbao,9.6,14.5,9.5,13.8,2.6,6.72,5,Athletic Bilbao,29,11.1,671,49.4,76,25.7,6.72,7,Athletic Bilbao,4.9,15.7,2.3,2.6,9.2,3.7,6.72
8,Valencia,14,9.5,23.5,6.66,8,Valencia,9.9,6.66,8,Valencia,14.8,11.3,6.66,8,Valencia,2.2,0.2,6.66,8,Valencia,2.4,6.66,8,Valencia,18.9,6.66,8,Valencia,3.6,1.8,5.4,6.66,8,Valencia,3.6,0,2.2,1.4,6.66,8,Valencia,9.2,3.3,0.8,5.1,6.66,8,Valencia,1.4,0.3,0.9,0.1,6.66,8,Valencia,5.6,9.3,14.9,6.66,8,Valencia,14.2,7.9,6.66,8,Valencia,31.8,15.2,16.6,6.66,8,Valencia,429.5,28.7,30.1,321.3,49.4,6.66,8,Valencia,6.9,1.2,5.7,6.66,8,Valencia,0.2,0,0.1,0.1,0,0.6,1,6.66,8,Valencia,9.2,5.9,0.5,2.5,0.3,6.66,8,Valencia,2,0.7,0.3,0.4,0,4.5,6.66,La Liga,8,Valencia,15.2,14,9.9,11.3,2.4,6.66,6,Valencia,38,9.2,595,48.8,81.5,15.2,6.66,8,Valencia,3.4,13.9,2.2,2.4,12.7,2.3,6.66
9,Getafe,14.5,8.6,23.1,6.66,9,Getafe,9.4,6.66,9,Getafe,12.9,19,6.66,9,Getafe,3.4,0.1,6.66,9,Getafe,3,6.66,9,Getafe,14.9,6.66,9,Getafe,1.6,1.2,8.4,6.66,9,Getafe,2.1,0.2,1.3,0.6,6.66,9,Getafe,10.7,4,0.9,5.8,6.66,9,Getafe,1.4,0.3,0.9,0.1,6.66,9,Getafe,5.7,7.6,13.3,6.66,9,Getafe,16.7,8.2,6.66,9,Getafe,50,23.6,26.4,6.66,9,Getafe,298.5,30,49.7,155.2,63.5,6.66,9,Getafe,7.5,1.5,6,6.66,9,Getafe,0.5,0.1,0,0,0,0.4,1,6.66,9,Getafe,10.7,6.7,0.3,3.4,0.2,6.66,9,Getafe,2.8,0.4,0.1,0.4,0,4.2,6.66,La Liga,9,Getafe,7.4,14.5,9.4,19,3,6.66,7,Getafe,37,10.7,933,45,62.1,23.6,6.66,9,Getafe,4.6,16.9,2.5,2.6,8.5,6.7,6.66
10,Real Betis,13.4,8.1,21.5,6.65,10,Real Betis,8.6,6.65,10,Real Betis,15.1,12.2,6.65,10,Real Betis,2.8,0.3,6.65,10,Real Betis,2.3,6.65,10,Real Betis,18.7,6.65,10,Real Betis,3.5,1.7,5.7,6.65,10,Real Betis,2.7,0.2,1.6,0.9,6.65,10,Real Betis,12.3,4.4,0.9,7.1,6.65,10,Real Betis,1.4,0.3,0.9,0.1,6.65,10,Real Betis,7.3,11.6,19,6.65,10,Real Betis,14.6,9.7,6.65,10,Real Betis,30.5,15.4,15.1,6.65,10,Real Betis,457.4,28.4,28.4,349.7,50.9,6.65,10,Real Betis,9.3,1.2,8.1,6.65,10,Real Betis,0.1,0.1,0,0,0,0.8,1,6.65,10,Real Betis,12.3,8.7,0.5,2.9,0.2,6.65,10,Real Betis,2.2,0.6,0.3,0.2,0,6.7,6.65,La Liga,10,Real Betis,12.6,13.4,8.6,12.2,2.3,6.65,8,Real Betis,38,12.3,757,54.1,82.7,15.4,6.65,10,Real Betis,3.8,11.3,3,1.7,14.7,3.1,6.65
11,Granada,16.1,8.7,24.8,6.65,11,Granada,10.1,6.65,11,Granada,13,15.6,6.65,11,Granada,2.9,0,6.65,11,Granada,2,6.65,11,Granada,17.4,6.65,11,Granada,3.3,1.5,7.2,6.65,11,Granada,3,0.1,1.7,1.1,6.65,11,Granada,10.3,4.7,0.9,4.6,6.65,11,Granada,1.2,0.3,0.7,0.1,6.65,11,Granada,7,7.9,14.9,6.65,11,Granada,12.6,7.8,6.65,11,Granada,42.4,19.2,23.3,6.65,11,Granada,328.1,27.2,38.7,209.2,53,6.65,11,Granada,6.9,1.3,5.6,6.65,11,Granada,0.3,0.1,0.1,0,0,0.5,0.9,6.65,11,Granada,10.3,6.5,0.1,3.5,0.1,6.65,11,Granada,2.2,0.9,0.1,0.2,0,4.3,6.65,La Liga,11,Granada,12,16.1,10.1,15.6,2,6.65,9,Granada,33,10.3,771,45.4,72.1,19.2,6.65,11,Granada,3.9,14.5,2.3,2.1,8.1,5.4,6.65
12,Osasuna,15.7,9.2,24.9,6.63,12,Osasuna,10.1,6.63,12,Osasuna,11.4,14.6,6.63,12,Osasuna,2.8,0.2,6.63,12,Osasuna,2.3,6.63,12,Osasuna,17.3,6.63,12,Osasuna,2.7,1.8,7.3,6.63,12,Osasuna,2.3,0.1,1.2,1,6.63,12,Osasuna,13.2,5.2,1.3,6.7,6.63,12,Osasuna,1.3,0.3,0.9,0.1,6.63,12,Osasuna,5.3,8.5,13.7,6.63,12,Osasuna,16.3,8.4,6.63,12,Osasuna,44,21.9,22.1,6.63,12,Osasuna,371,31.1,40.1,235,64.9,6.63,12,Osasuna,9.4,1.8,7.7,6.63,12,Osasuna,0.3,0.1,0,0.1,0,0.3,0.6,6.63,12,Osasuna,13.2,8.7,0.3,4,0.3,6.63,12,Osasuna,2.9,1.1,0.1,0.4,0.1,6,6.63,La Liga,12,Osasuna,11.1,15.7,10.1,14.6,2.3,6.63,10,Osasuna,34,13.2,765,49.1,71.7,21.9,6.63,12,Osasuna,4.6,16,2.6,2.5,8.9,4.3,6.63
13,Celta Vigo,15.1,9.5,24.6,6.61,13,Celta Vigo,10.3,6.61,13,Celta Vigo,14.1,12.1,6.61,13,Celta Vigo,2.7,0.2,6.61,13,Celta Vigo,1.9,6.61,13,Celta Vigo,20.6,6.61,13,Celta Vigo,2.4,1.9,6.8,6.61,13,Celta Vigo,2.9,0.3,1.5,1.1,6.61,13,Celta Vigo,9.6,3.7,0.5,5.4,6.61,13,Celta Vigo,0.8,0.1,0.6,0.1,6.61,13,Celta Vigo,6.1,10.1,16.3,6.61,13,Celta Vigo,14.9,10.1,6.61,13,Celta Vigo,36.7,18.4,18.3,6.61,13,Celta Vigo,452.1,24.3,29.3,340,58.5,6.61,13,Celta Vigo,7.3,1.1,6.1,6.61,13,Celta Vigo,0.1,0,0.2,0,0,0.4,0.7,6.61,13,Celta Vigo,9.6,6.9,0.3,2.2,0.1,6.61,13,Celta Vigo,2,0.7,0.4,0.2,0,4.8,6.61,La Liga,13,Celta Vigo,12.1,15.1,10.3,12.1,1.9,6.61,11,Celta Vigo,22,9.6,725,51.7,80.6,18.4,6.61,13,Celta Vigo,3.3,14.1,1.7,2.7,11.2,3.4,6.61
14,Levante,13.3,8.7,22,6.6,14,Levante,8.4,6.6,14,Levante,12.6,12,6.6,14,Levante,2.1,0.1,6.6,14,Levante,2.3,6.6,14,Levante,19,6.6,14,Levante,3,1.9,5.4,6.6,14,Levante,4.6,0.3,2.8,1.4,6.6,14,Levante,11.5,4.8,0.9,5.8,6.6,14,Levante,1.2,0.3,0.7,0.2,6.6,14,Levante,6.3,9.5,15.8,6.6,14,Levante,14,7.7,6.6,14,Levante,29.1,14.3,14.9,6.6,14,Levante,373.1,28.4,33.1,258.2,53.4,6.6,14,Levante,8.7,1.4,7.2,6.6,14,Levante,0.2,0,0.1,0,0,0.5,0.8,6.6,14,Levante,11.5,8.4,0.4,2.6,0.1,6.6,14,Levante,1.8,0.4,0.3,0.4,0.1,6.2,6.6,La Liga,14,Levante,16.2,13.3,8.4,12,2.3,6.6,12,Levante,32,11.5,573,48.3,76.8,14.3,6.6,14,Levante,3.8,14.7,2.2,2.9,10.6,2.9,6.6
15,Deportivo Alaves,15.9,9.4,25.2,6.59,15,Deportivo Alaves,10.6,6.59,15,Deportivo Alaves,11,16,6.59,15,Deportivo Alaves,3,0.1,6.59,15,Deportivo Alaves,1.6,6.59,15,Deportivo Alaves,20,6.59,15,Deportivo Alaves,3.3,1.9,6.7,6.59,15,Deportivo Alaves,2.4,0.1,1.6,0.7,6.59,15,Deportivo Alaves,8.7,2.5,1,5.3,6.59,15,Deportivo Alaves,1.1,0.1,0.9,0,6.59,15,Deportivo Alaves,6.2,6.9,13.1,6.59,15,Deportivo Alaves,14.4,7.8,6.59,15,Deportivo Alaves,44.2,24.5,19.7,6.59,15,Deportivo Alaves,338.3,29.4,38.1,209.6,61.1,6.59,15,Deportivo Alaves,6.6,1.4,5.2,6.59,15,Deportivo Alaves,0.2,0.1,0,0,0,0.4,0.6,6.59,15,Deportivo Alaves,8.7,4.6,0.5,3.4,0.2,6.59,15,Deportivo Alaves,2.4,0.8,0.2,0.7,0.1,3.7,6.59,La Liga,15,Deportivo Alaves,12.4,15.9,10.6,16,1.6,6.59,13,Deportivo Alaves,29,8.7,823,44.4,70.7,24.5,6.59,15,Deportivo Alaves,4.2,11,2.1,1.5,8.4,3.5,6.59
16,Eibar,14.8,9.4,24.2,6.58,16,Eibar,11.1,6.58,16,Eibar,11.2,14.4,6.58,16,Eibar,2.6,0.1,6.58,16,Eibar,2.1,6.58,16,Eibar,16.3,6.58,16,Eibar,2.1,1.4,6.4,6.58,16,Eibar,2.1,0.1,1.3,0.6,6.58,16,Eibar,11.3,4.7,0.8,5.8,6.58,16,Eibar,1,0.2,0.6,0.1,6.58,16,Eibar,5.4,7.5,12.9,6.58,16,Eibar,15,9.9,6.58,16,Eibar,53.1,25.2,27.9,6.58,16,Eibar,368.8,34,47.9,226.4,60.5,6.58,16,Eibar,8,1.6,6.5,6.58,16,Eibar,0.2,0,0,0,0,0.4,0.7,6.58,16,Eibar,11.3,7.3,0.1,3.6,0.2,6.58,16,Eibar,3.1,1,0.1,0.4,0,4.7,6.58,La Liga,16,Eibar,9.9,14.8,11.1,14.4,2.1,6.58,14,Eibar,27,11.3,693,47.7,70.6,25.2,6.58,16,Eibar,5.5,17.2,1.9,2.9,8.4,5,6.58
17,Real Valladolid,14.9,11.6,26.5,6.57,17,Real Valladolid,10.3,6.57,17,Real Valladolid,13.9,12.3,6.57,17,Real Valladolid,2.2,0,6.57,17,Real Valladolid,2.1,6.57,17,Real Valladolid,18,6.57,17,Real Valladolid,3,2,6.9,6.57,17,Real Valladolid,2.6,0.1,1.6,0.9,6.57,17,Real Valladolid,9.9,4.7,0.4,4.7,6.57,17,Real Valladolid,0.9,0.1,0.4,0.2,6.57,17,Real Valladolid,6.3,9.3,15.5,6.57,17,Real Valladolid,14.9,9,6.57,17,Real Valladolid,36.3,16.6,19.7,6.57,17,Real Valladolid,375.8,30.4,38.6,251.4,55.4,6.57,17,Real Valladolid,6.7,1.6,5.1,6.57,17,Real Valladolid,0.1,0,0,0,0,0.4,0.6,6.57,17,Real Valladolid,9.9,6.6,0.4,2.7,0.1,6.57,17,Real Valladolid,1.8,0.4,0.3,0.3,0,4.5,6.57,La Liga,17,Real Valladolid,12.9,14.9,10.3,12.3,2.1,6.57,15,Real Valladolid,23,9.9,590,47.3,75,16.6,6.57,17,Real Valladolid,3.4,13.6,1.9,2.4,8.9,4.5,6.57
18,Leganes,16.5,8.9,25.4,6.55,18,Leganes,11,6.55,18,Leganes,13.1,15.4,6.55,18,Leganes,3.2,0.1,6.55,18,Leganes,2,6.55,18,Leganes,19.3,6.55,18,Leganes,2.3,1.4,6.4,6.55,18,Leganes,2.3,0.1,1.6,0.7,6.55,18,Leganes,11.3,4.7,0.6,5.9,6.55,18,Leganes,0.8,0.1,0.4,0.3,6.55,18,Leganes,6.4,8.7,15.1,6.55,18,Leganes,14.4,7.4,6.55,18,Leganes,46.6,21.6,25,6.55,18,Leganes,332.5,25.4,40.6,212.3,54.2,6.55,18,Leganes,7.6,1.8,5.7,6.55,18,Leganes,0.2,0,0,0,0,0.3,0.5,6.55,18,Leganes,11.3,6.9,0.4,3.9,0.1,6.55,18,Leganes,2.7,0.6,0.1,0.4,0.1,4.6,6.55,La Liga,18,Leganes,9.7,16.5,11,15.4,2,6.55,16,Leganes,21,11.3,873,44.9,71.5,21.6,6.55,18,Leganes,5.1,15.4,1.9,2.6,8,5,6.55
19,Mallorca,14.9,10,24.8,6.52,19,Mallorca,9.8,6.52,19,Mallorca,13.9,13.7,6.52,19,Mallorca,2.2,0.1,6.52,19,Mallorca,1.8,6.52,19,Mallorca,17.2,6.52,19,Mallorca,2.8,1.8,6.2,6.52,19,Mallorca,3.4,0.3,2,1,6.52,19,Mallorca,10.3,4.2,0.8,5.4,6.52,19,Mallorca,1,0.2,0.7,0.1,6.52,19,Mallorca,8.6,9.1,17.7,6.52,19,Mallorca,17.2,9.7,6.52,19,Mallorca,38.7,17.7,21,6.52,19,Mallorca,353.1,22.8,30.4,246.3,53.5,6.52,19,Mallorca,7.6,1,6.6,6.52,19,Mallorca,0.1,0,0.1,0,0,0.4,0.6,6.52,19,Mallorca,10.3,6.8,0.2,3,0.3,6.52,19,Mallorca,2.1,0.8,0.3,0.5,0.1,4.6,6.52,La Liga,19,Mallorca,13.1,14.9,9.8,13.7,1.8,6.52,17,Mallorca,28,10.3,593,46,76.2,17.7,6.52,19,Mallorca,3.6,13.6,2.1,2.3,10.9,2.9,6.52
20,Espanyol,17.3,12.9,30.2,6.46,20,Espanyol,9.6,6.46,20,Espanyol,12.2,15.7,6.46,20,Espanyol,2.5,0.2,6.46,20,Espanyol,1.6,6.46,20,Espanyol,18.3,6.46,20,Espanyol,2.6,1.6,7.4,6.46,20,Espanyol,2.7,0.1,1.5,1.1,6.46,20,Espanyol,11,4.3,0.8,6,6.46,20,Espanyol,0.9,0.1,0.6,0.1,6.46,20,Espanyol,5.1,7.5,12.6,6.46,20,Espanyol,15.6,9.3,6.46,20,Espanyol,43.6,20.6,23,6.46,20,Espanyol,384,28.6,41.9,253.7,59.9,6.46,20,Espanyol,7.7,1.6,6.2,6.46,20,Espanyol,0.1,0,0,0,0,0.3,0.5,6.46,20,Espanyol,11,7.5,0.1,3.3,0.1,6.46,20,Espanyol,2.8,0.9,0.1,0.6,0,4.6,6.46,La Liga,20,Espanyol,12.2,17.3,9.6,15.7,1.6,6.46,18,Espanyol,23,11,686,47.6,73.5,20.6,6.46,20,Espanyol,4.4,14.4,2.1,2.2,8,5,6.46
